wallet_id,user_id,eth_balance,usdc_balance,total_token_value,created_at
3b7e6a86-d319-45d6-9698-bad1e58c5d13,2d2c09ce-a753-454d-b4ff-5fde0e7320f9,4.105818,146.256302,1613.145647,2025-07-05
ac41e023-bd96-414f-8bef-afdad8c834e3,626269ae-a69f-4834-a38a-cea8beedc46d,2.648635,219.473099,1261.190362,2025-05-08
804dd2d7-8f9a-49d4-a475-782374c711bc,9a8dc9b4-883d-4792-ac6d-7ec26e748b8d,1.998297,235.204434,1544.236814,2025-11-20
d67bd710-4ecc-4a5d-9980-f856daf9829c,3ff6e12d-54b2-416f-8be6-6e99ec9836a3,4.265446,233.845121,898.674861,2025-08-09
07ea7c65-f044-4896-a786-32879e7e33ed,8cf48ef9-2331-4621-8117-881f6cc0a034,2.950128,28.475279,956.133896,2025-01-16
a456bfb1-0a1c-4b7b-9539-fa375e5149d2,c209a61e-33fa-47b5-b14e-5870322ab9b6,0.269318,485.172105,1321.767814,2025-01-21
d19bc8b4-dfc7-4617-9568-fa298a8f92e3,432cff5c-7c75-4426-8dbe-9dc5c1c50cc0,3.989728,30.493133,801.556248,2025-11-18
c7672f9c-db86-4680-86a4-0ede103231c8,f622e1d5-57bf-4fbb-9866-4e82b12f2cd0,2.201092,259.977171,1087.997813,2025-06-24
49ce9b77-d2a7-45ed-8488-1e5d3973187c,8cb48343-ae6e-43ff-8da1-2118d3950196,4.121626,393.286438,1476.604422,2025-04-19
72ea46f4-0ec4-43da-b6d2-0d1a7027387d,11a2b83f-3365-458a-a459-aca73f129201,2.681336,331.088070,991.6791000000001,2025-04-06
9975544b-1fbc-4cd6-908d-c9dd0b2e2438,155c60d6-e6bd-455b-9460-8a69ea6db19c,2.639211,386.771693,875.9048740000001,2025-01-24
a66c6100-1621-4a68-94a6-a9f1bb007f7c,cd3ac999-825c-421b-86c5-67e50d340ace,4.488045,354.344996,1259.221388,2025-02-02
23d85c07-416b-460f-949c-34545723f705,d7d62620-3b65-4642-96f4-a42d2700c651,3.578313,317.264169,1064.493882,2025-07-18
beaa4663-d401-43e7-8b2b-af0955cacf9b,63be4acf-082e-4948-af7d-ca4672866458,3.625495,473.867728,1064.835792,2025-01-12
579c2e7b-b745-4b84-9c5b-24b177d3d4cb,aaea49ca-70cc-469a-9b8b-7f73ca77987b,3.161263,272.362121,1050.379164,2025-05-04
1219d9af-191a-4751-9a28-d3b8d6958990,d65b583b-90a0-41b2-aad9-7ae241cada46,3.783447,449.827948,1606.4213359999999,2025-12-10
d225183b-4fb5-4f7b-a867-b156241cc4da,e8fbfde9-5950-4853-9946-5e2a64a55c69,1.710945,34.636113,1635.766098,2025-12-02
ef8c4dc5-9191-4545-803a-6a72f7614d9c,9f182900-c66d-48dc-ac3d-684ff80bcc9a,4.376016,16.587176,1243.143899,2025-02-20
fdef7a4e-1f13-4a02-a10e-c185a295c996,b53c6026-0856-43bc-ba84-b3c43dc172e1,3.265236,184.554821,1575.278291,2025-06-15
dae8767f-d9d4-40ac-a6f3-6ca974a06d89,be34836d-0e1a-4d4a-898d-5315e1523316,2.764442,233.465322,1252.850761,2025-01-15
5b10bf80-0dfd-401f-9c97-a0c4b3289e61,322cf772-c998-4577-92fd-e2d543fe6515,2.991091,469.753327,1202.78549,2025-10-17
371ced21-10e8-4f7d-948a-67a0de1b4718,80ff6301-4e39-47fc-9068-ea7feb963a70,4.554658,442.194578,1476.708156,2025-06-20
1a9d97d8-5aa0-4c84-b1bf-aa50859acd69,affab619-b3e4-45d2-8142-50d0c76b4836,1.086922,125.034478,1317.357185,2025-08-26
baa8fe7a-1495-404c-ad55-e2ac3b1058da,29dabaa2-59b6-487b-82a6-a4a08a9bccd7,1.309392,497.502631,966.866732,2025-02-16
be3e461d-a8a0-49d3-90ec-97dc43cc77ed,f968c382-25c6-4e6f-bdf3-29f288c1c8e8,0.754095,385.505488,1075.202375,2025-11-29
dd427923-14f4-42e8-8f0e-d40d72a1888b,2df3dfdc-ee80-43f8-bd7c-db82dc30dd28,4.020717,228.183955,1201.447893,2025-11-03
247fe906-c693-4d47-9e9f-bffb4752dd41,74c542a9-cb7f-4741-b8ec-316ce240eb6d,3.373036,133.516831,1397.621232,2025-07-05
c48b5a67-fa1d-4834-b137-8ed7b497f5c9,608443c9-b824-4863-a675-fdcf5860498c,3.998579,70.490573,1539.477662,2025-10-09
44c6ed2d-e14e-498e-9d22-4bf17d895d92,b82194b0-d471-45b4-8558-21bd007b69fb,0.026935,343.916065,1305.398746,2025-02-16
227d4d5c-5f34-4089-8ae5-a3ad08839b9e,84b74953-0526-450f-b3c6-0e86e3312bb7,1.061781,10268.813380,1364.698446,2025-09-01
2e617a22-022d-4d8a-a2c4-3d96e5ab0acb,59ddf466-fc13-41f2-bc7e-2b1d664e7b15,0.288152,16.941434,1426.055014,2025-02-09
e92bc77a-e78c-4e3b-9f76-40b484e345df,a1b96c34-dbdd-451d-9e72-a3171156eba7,3.783075,322.242698,1557.619883,2025-10-01
541507d0-484f-40d8-ad35-3f995f64ccb9,4f588372-bd1e-4532-a0b2-4bb5b5e18131,4.589226,197.757225,1308.684949,2025-12-13
d1f4330e-e803-4f86-a295-2371d1f20c1e,5e01022e-83fc-436f-9b5d-a41521e8506f,0.095577,469.840623,1087.521715,2025-01-20
25c4406d-1ad6-431f-b31e-b24345bdcb9f,e88bab34-4b2e-48ff-a5dd-a14d1d0556b4,3.703407,482.608652,1253.880341,2025-07-19
6a4e1dac-bc82-409f-b419-5b59030c1191,abe8da2f-0faf-40e2-be41-5c848f9b0761,1.005663,416.550255,1255.333293,2025-12-22
772de9ab-15f8-4bed-a198-e0d2e3421c2e,a3f5d703-71fb-4319-8f1b-996d803781a0,3.779879,21.243069,1153.915937,2025-07-31
2f4a0d84-b526-4313-8ade-61fc5d6cf18c,7e1bb177-f0f8-40c2-b06d-f9fcb649b75a,2.565225,161.278177,1416.201301,2025-04-06
4d29ca69-cee7-4349-8078-b8e6638f529f,6978fbaf-6980-42c1-a2cc-7be84c3c5255,2.994158,472.811590,1374.611541,2025-03-28
48df25ef-527b-42cf-9607-37b960b3ae03,4b5602db-2c4f-4eaa-ade4-fe5481bd275e,3.526407,266.128631,1145.037516,2025-10-14
934b46eb-1b5b-4471-b4db-6abfedd94e8f,6bc9f419-4c94-4d0b-a9eb-824386ca5fff,2.959985,474.924175,1090.675383,2025-12-13
2f895316-5fba-49d3-863f-2e1b2d9ae817,358a017a-e752-4d52-a1a2-ff673c963e08,0.668904,129.248307,1091.059425,2025-05-23
02e01452-52a6-41d9-8665-af1c468f2024,973fd29f-2ba0-47bf-b8b6-adc9ba4a199c,2.358870,50.780661,1559.540494,2025-09-01
9bbbd676-b41d-41e2-984a-e452872be926,d400c48d-d37b-4ad4-88a2-a6dbc647fe26,2.513627,442.379481,1382.591388,2025-09-20
d2cc6628-80f5-4d5e-8b10-2334651f9e94,b3c0f137-49bb-4e6f-94b9-ad6612961307,2.908372,96.612745,1099.2510399999999,2025-11-28
82f441de-c6a6-4e16-afb6-e5421c182695,3f88cf5e-c13c-4118-b266-2d99c6db8bf1,0.269984,22.812468,1120.921216,2025-08-15
cc2fd7ff-1544-40c5-aafd-04c01737c3d7,ea7ada74-3fa1-466b-9d00-355be18bb7f2,2.922269,92.395052,1009.012315,2025-09-22
b5a0f7ab-0468-4b46-af0a-f27a3c7f74fb,054b5bde-ebee-472c-a76d-c3379a585add,4.526052,315.307296,1231.534145,2025-12-11
14211c3b-6323-4322-809b-eba1b0bb0aa2,85fd590d-80b8-44f4-8df8-e036c4c2c0b5,3.789184,132.536634,1307.157923,2025-11-16
1aaf82db-fb7e-41a2-8114-f17877db69ea,029eafa2-aa50-4971-a206-ed3d3bf46b2d,0.975379,149.371090,1012.409531,2025-11-17
55f7b29a-9c70-4c04-b4b0-4b6b5c4d027e,64190d2d-c85d-4c1b-ab51-78775acc8e13,2.391002,411.847336,982.222212,2025-08-16
f464114e-b228-421a-b6f6-24bf7e13d8ea,24e714cf-33c5-4bd9-a989-177ea3d56f92,0.998394,405.493543,1378.093526,2025-08-09
af166187-5bf3-4565-a617-711b65adcb96,72c3a6b3-b423-4a1f-b047-2b62b9c69128,4.235007,495.246341,1088.567381,2025-05-30
b37620f4-e5f1-4891-b36f-33705147a4fd,1c783229-4243-4f54-9c7c-735a13e0b0d1,2.163317,192.876865,1324.029123,2025-11-18
f99b4247-fd15-48d2-96d4-46d69a61945a,3e0f1d31-a03c-4e00-80e1-9d84e73c7be7,1.284443,434.833778,1643.219785,2025-02-04
7dbaecae-8f53-4dc5-a993-f66318323269,db25f919-38d8-4cb2-9f91-9f899c355cd1,2.068840,281.801475,1721.061938,2025-07-14
5c1e6ca6-348d-4488-830b-77371943d4c7,8b537ac9-a707-484e-8a36-d2fa4b56edff,4.058387,10088.853127,1209.194101,2025-03-25
7100d71e-cced-4ad2-b05f-77adb90fd595,c741ef53-b62d-4474-b046-caf93e00e1cc,4.478314,307.036490,1266.581587,2025-01-07
4f23a156-8f2b-4c17-84d3-c03526444189,ef85ca99-513d-468d-90e0-c52458c7d7a1,4.803370,214.760108,1319.978535,2025-12-02
82411ead-ec07-46fd-a883-fe59abf1071c,238c38df-5003-4c83-aa1f-0ec708e39ac0,3.159081,341.490916,1001.043331,2025-09-12
b4538b1d-4b4d-4085-ac76-3ded2c23cfc0,5115b193-115f-4afe-9a9f-4a54783bc231,3.516281,42.192342,1391.211689,2025-01-07
19633ea0-adfb-4e5b-ac69-dd1db3aacb73,627cbe5f-cc49-47a9-92a8-a55d2b483e88,0.117799,427.136764,878.379261,2025-08-11
752cdbfe-122c-409c-bacd-999618d96100,6b8f6074-8170-4509-aa62-3eff5f567d40,1.708742,170.324123,1678.920535,2025-12-06
1d940a69-fd1d-4941-9061-033e5ffcc4ec,ddce5fb3-ccce-47f6-9600-7ccd225f61b5,3.148214,393.765633,1503.801182,2025-12-09
fb9f288c-d5d3-4481-9e4f-c84648749161,da89fa18-82b6-4e7c-9182-081aa4d685eb,2.315235,367.869232,1109.79229,2025-09-09
d6bc7b0f-5452-4f09-b0ef-2881c1d28f40,e17f2910-44bc-47d9-bfef-4fa77bcc21dd,2.711665,35174.205230,1328.0004139999999,2025-12-27
0e51c0b8-ad87-42b9-b8b6-2170630ad3db,0ed14a17-5d23-45a2-936f-bee2ea078811,2.958917,473.803776,1239.0518730000001,2025-07-09
2f521d61-80d5-4efa-b0ae-62ccd374c1cd,a6b55b7e-0fca-458f-94d6-25a90270a920,0.473737,8.269385,1308.165677,2025-07-19
a4f7fbc8-4964-451f-be18-7fdb13532e48,8cd77e35-b7dc-4d6c-9a3b-7ef9ed8cc0c1,4.937088,80.566204,1217.565083,2025-05-26
69fd7360-fe20-4106-be34-e3fd185614ad,e3e5ff67-ab47-44c7-aa64-0e090d401a14,3.819558,8121.017373,1597.500847,2025-05-05
ce4889b2-51cf-41da-b06b-e11828b549f6,084cdd12-5611-4647-af6f-7f1a1b658ce9,0.513760,15564.239080,1072.64514,2025-04-17
1234e20d-dbf8-4845-865a-7c2beae16d1a,63c012f1-0a4d-4665-8bd8-4383c288c08a,0.264234,161.055862,1217.618669,2025-01-18
1b29f46c-aa16-4624-881a-2e9d16dd0ed6,9ed6abae-8d6f-4801-9e2d-bc907f164ffb,2.338565,480.126682,1079.203973,2025-03-27
ec20479e-0af3-42ab-9962-1f577b98086d,1d622518-7780-4eeb-8251-5323c5d49dfa,0.835504,373.541083,1476.766631,2025-11-21
84faf47a-6c63-44c5-b60d-e55a2b171227,2923fa4b-474c-4328-bf0b-5a0810668d8e,4.646535,371.513376,1165.816161,2025-08-25
ed5452ed-2d92-45a2-9a33-965adc373be7,76150043-fd00-40b7-98e9-0f88fccec540,0.775983,367.678889,1588.185832,2025-09-24
7b34ca87-9866-4df6-b900-e71e87c9deca,142bf4bb-3dc3-48f5-924b-b8216eabc00a,2.391340,299.014024,1338.610772,2025-06-15
7ea8a725-9e2a-4ef8-ae68-e92cbb05e241,3413504f-5cd5-476a-8897-ffefb7ccb3f2,3.509222,298.149520,1094.013371,2025-01-18
200e0d7a-bcef-4ece-8677-8b03be58bab5,9d303dfb-a527-457b-9a81-9e256c89cade,0.970256,148.027225,1211.161123,2025-10-13
979c2dcf-0246-42ac-bd87-842794f334bf,3159c4b3-d12d-4213-8edc-a742945095c6,2.506485,176.400242,1240.104774,2025-09-26
2c56931e-5a2d-4873-badc-4a7b164dbf86,1004eb65-e4e3-4ef9-aa7a-f6fbdfae6ad2,0.104551,253.294498,999.714418,2025-07-15
710b287d-4c1b-4c0a-b215-6c54fd739db2,8386284a-3897-4a51-af44-90acc39a1a95,3.766561,268.037393,1418.669701,2025-02-13
07c431b8-d1c8-43ca-ac07-89c918e7ad6f,84553db1-44f5-4f36-834a-0a6ea289f988,3.557716,190.118403,1227.458908,2025-08-20
0887eb7f-561c-4fd7-8466-768303dd0bda,c6703baf-1d84-4f7e-ba38-7f015e16c92e,2.591394,281.339679,1626.855491,2025-08-13
224815d6-b56f-4a56-9399-4aa56c9e641f,142cb592-b9da-4809-b603-45a98d0a7109,1.735966,111.299732,842.039041,2025-02-28
84c49173-5827-43ef-ae6e-b1867b735707,405ba9c6-9e6a-4889-a0f4-7d80a83d4d7b,0.177357,457.275081,1516.785878,2025-08-09
f9f8fb89-42f8-48ea-852a-360d86b649bb,a1fe7a64-ac9d-4205-931b-6a8f7bdd6298,1.371563,451.115223,1154.9267380000001,2025-06-18
ba208a0c-2af9-49a8-b503-e477515e5d9f,868473fc-ff47-455a-87a2-a78745c8528b,1.780262,407.868484,1136.069618,2025-12-09
dd95b1c7-d6cd-49e3-bc66-13a3fe503e72,b83a64be-f041-4ea8-871e-4f69bf2cc13b,2.118319,488.833996,1236.666525,2025-12-24
7b406c34-744a-4de2-bc78-98160a0a126c,babfccfa-29b8-46f9-826c-5e6acffba252,4.491252,289.989693,1606.635405,2025-05-28
64d583a6-8ccb-4356-860f-04efe9659a7d,acdb0a7d-ea7f-42af-8843-447f1f872136,3.391295,493.178107,1392.232405,2025-05-26
4fea7b98-db17-4720-b2a3-b2335ab34345,c9a57168-c9a1-49f5-abf8-a35562ccdbaa,4.254826,352.873676,1743.054563,2025-11-12
3df85158-a12d-4da2-b750-99f74605da23,b2bf536f-674f-4b11-9619-e80daf0667cf,2.358342,488.928297,1002.905655,2025-10-17
d7812222-855b-4519-ab4b-efee2254c1b3,466b0f7d-1093-4832-a0fd-e49730e6ef49,1.433873,395.999154,1541.506984,2025-10-24
ba372480-ce67-4efa-9df5-8bc088b3fbda,4077b55b-dd54-4846-aa39-7acc0944b84d,3.883867,256.834101,1169.053165,2025-05-04
7e63732c-ec0c-4c05-ad0b-bb548b72abe5,277c7866-cc4c-4283-ba7f-e62ef4884b67,1.848936,346.142623,984.806256,2025-06-05
99a13627-9990-40ff-8bfc-c7f5a1be6862,62e25273-6ffb-4544-b866-1679b5e0708b,2.101955,165.528366,1291.0755139999999,2025-08-16
9ac1d886-d75a-4598-95e6-378c01aeadda,d9ab472e-f924-47c7-ad58-b623dc41fb3d,2.425003,431.830488,1466.703999,2025-09-06
6620c0d1-31a9-486e-9c5e-1b7765208607,cd969d75-c16b-4bd9-b76f-9cbb58b1f1a7,0.732068,295.173264,1323.589541,2025-06-02
5ac6df4f-f4bd-414b-af5a-1115b395ccfd,2d8acb70-4e78-4b03-b56e-0110b143ce5a,3.399671,20672.685914,1317.361666,2025-05-15
d66b04ab-a610-4d94-918b-ca606d0cbcdd,f353e2ad-f35d-4705-a73f-bd64dbe9744c,1.612823,408.928671,1281.3273709999999,2025-12-18
e8f96739-cca3-4f7a-9da8-c56be99b1c89,092670dc-7631-4e92-8dd3-df3f377c7b70,2.610260,55.549976,1286.892431,2025-08-08
e93c327c-dfb9-4e71-ae9d-beb4f48f5cd0,70868cb8-a688-40d8-8fb0-1fa519643e82,4.977779,185.856879,1556.238094,2025-10-31
91b618f2-9fc9-4a25-a58f-18a82793e99e,80a31341-5730-4bd0-9192-1706807fa116,2.907770,425.310611,1264.780291,2025-07-29
5090fc0c-6aff-4b36-a523-cc7b33b665ca,e2ef906c-7202-4e72-909a-35eef2def0ff,0.373430,25.511064,1401.599858,2025-06-04
313c9edf-fc5e-4163-a0d5-c80c25d9c054,cc72a54c-422f-4974-a0c3-c1c4f17b8763,4.178446,178.345100,1183.882559,2025-01-21
4610f7d9-d877-4b97-81fd-605d87d01467,149c028e-1ba9-4f1c-8ab7-49d560a42a29,0.455430,106.945279,1268.084439,2025-08-18
f278814a-47a2-426f-be40-d633530b8ed3,75a9f8b6-5e0a-4c38-b0c6-6a50cbf74beb,1.554807,459.808717,736.870656,2025-05-17
0538e8d3-09b9-41d3-95e5-dea924b1d383,b627c940-1f03-4649-99f1-2b35f27ef6d3,0.852744,155.802045,1532.949636,2025-05-01
fc357a5e-96aa-4a5f-a5de-cf0c8e6dd213,5d809239-b395-4c56-9d36-c6a106243c76,0.840486,299.754009,1099.34683,2025-01-31
09a0a32e-5a19-4910-9022-996b92d24596,a3328587-0b07-47e6-bedf-4b81541ecc9a,4.685995,118.309224,867.861122,2025-09-01
a2645ef7-cc64-4b64-9809-1b5b41b7035e,ec3490ba-7969-4580-8db7-6f709f9ef98b,4.773577,11111.155346,1336.540876,2025-01-11
bafa3f68-5b63-4d7e-8ab8-37d875355282,ae8db25e-2698-441e-a56f-f1d4d0bb49d9,1.498484,475.263764,901.917744,2025-06-14
98f14290-6204-442e-8e17-5e5cc039399c,ed45f47a-c469-4706-9c1e-d86f93576a6f,4.089417,190.304916,1190.8072160000002,2025-10-18
a041bcfa-5331-43cf-b29e-545f7ab6aec0,13d93617-1d70-4ae3-8cd6-93b99f9fe1ff,3.020139,385.835703,1294.431964,2025-05-13
4ea0c30c-b8b3-4bc0-a792-965da1788951,147d63b2-44ad-4914-a736-99e34017a386,0.838623,27.593124,1333.123329,2025-01-29
ca4ca277-fcda-4a25-8392-2caf8b348508,dd862859-07c6-4677-aa39-fd562dc1758f,3.456809,270.123530,1317.610968,2025-04-27
2f7289cd-4ed7-4d2d-9af7-832beac43b65,d1d046e5-ed29-4204-89a0-98a378e034ee,3.880542,264.019466,1374.98073,2025-11-09
2c7604ec-177f-414b-9caf-10d1076b13d8,edcd14c8-a83b-4fdf-9b4f-bfcd03731be1,1.159971,424.981948,1636.889877,2025-11-12
e0fded15-6084-4dfa-918c-9da8806e8907,eae79202-f534-4b8e-8143-b64ec690d540,2.134343,410.158054,1211.858361,2025-05-16
076557fc-30de-404d-83c2-658d1c658971,f396eb1b-e7e1-4894-90ad-5695bbcf24c4,0.150046,33272.387260,1047.042963,2025-06-07
b3a83c4f-9313-4c7d-9851-560d3783e4c5,519eba03-cbbc-489f-9740-e60239ca1d6e,3.466125,418.393014,1127.852708,2025-12-27
8c93e845-3ff4-4125-8017-1176a8d1d8e2,adaaf5f8-5321-43b8-8dc5-3d84773dd5b5,0.330886,173.111454,1951.16112,2025-03-12
f062eb8e-20b2-47f1-b76d-e99c800cc760,4deb4540-febd-4cfc-9c2c-d26b0b9dcdab,1.238222,263.900847,1028.061286,2025-02-17
776811bb-093b-45b8-a1aa-fb7eb0a20508,c7e7d6aa-6bef-4974-984e-bc6fe9e663bb,3.978911,4839.287773,1390.368714,2025-07-03
20b1b8b8-93ba-48b2-a156-45bbb28ed4f7,6bd4e5db-164b-4da7-a271-5f29a559a9e4,0.867870,197.889881,1321.656509,2025-11-28
2367f1e2-8e44-48fd-bdb8-ff5c6343f23f,a60a604d-9e0a-4a77-8a52-cc913a825d34,3.942467,324.566281,1411.089541,2025-07-17
38fc50a5-7488-410b-ade5-cc212d413430,6d3fa1ae-5f9f-477c-85e2-a7c3ab334322,4.266326,323.251052,1217.756348,2025-08-28
817423f6-b4b8-42fc-a88c-7570fa54abad,c18e518e-0054-4a36-bee5-584a6e29c382,0.468657,7076.546814,877.649,2025-05-19
1fe9d062-b63e-488a-b692-d90b94a59a3c,43bc097f-6f2a-446b-a318-5942d7e58bb1,2.272665,112.548125,1408.781744,2025-04-24
8f5a4b4b-6939-4832-9ef2-96f9958aaa3e,eb1e2ac6-3b07-4605-bfe7-987259e63f04,3.809923,57.875089,1203.780986,2025-05-08
307a12bc-1884-45e6-8755-e7c459ed8ba6,47dc3ab5-5031-4957-90bb-c799adb51f10,0.481999,468.334003,1541.891233,2025-05-13
130bd78f-d96b-4d9c-a906-77ae315bef0d,0b5d3479-9e7e-4e5d-86c4-29dd16ed5d98,3.588270,422.869610,1168.513426,2025-02-08
152ea2db-0901-4090-b983-603cf66f3789,26a22c00-5433-41f4-a889-d8842fb5c8b5,1.356038,188.642682,1372.1837659999999,2025-12-05
2a1b5a87-43f0-42f5-9e7d-2ab12878335e,f14520ff-ed75-4aa4-bff4-9d33738f52a9,0.205664,385.232537,1311.384751,2025-05-02
f2ebd5bd-6111-4c0d-812b-e8184087a027,7411c151-b47c-4d21-90ef-e8c75c2321bb,4.002988,221.062327,1553.256764,2025-07-20
0734d0ce-7a3e-456e-80f7-3a1d2b4ed9b4,99a8f0f8-b696-4300-bebb-6d901b2a06cb,1.166648,167.201510,1334.736899,2025-05-22
a5af5a14-eb97-46d3-b957-68f435fc94a2,cce7b058-dabb-4618-995b-4418a6f141c3,1.568848,335.370997,893.421003,2025-06-08
94557ca5-343d-474c-9bf3-ff06ec78a587,488535cd-4cfa-4ab7-b0ea-c7d7c64a083b,4.443140,400.327519,1248.257716,2025-06-21
b10b1c94-26f5-48d5-b14d-9e84586d4704,231171bf-cdf1-44b5-8044-d8cb6b9e8276,0.604583,369.801571,1608.185271,2025-11-16
2899353c-6f23-4921-a709-e817b5116761,d1635d3e-5b3e-47d1-856b-ac92cc640e86,4.868812,286.646915,1353.702775,2025-12-20
7ef4e3c8-fabb-4568-9500-53b54aee87df,12e6a634-0b46-4f75-8dfd-24007282938d,3.848683,99.287291,1371.4248029999999,2025-07-15
cdc64c50-e619-43a5-923b-b69b220694c2,9c9d85b5-5ecd-4579-bae4-feb8195e6d0b,4.505606,397.902100,1092.48208,2025-10-18
daa2a3a9-af86-4d1a-a2a6-2637988c20cc,6cfa5b3c-acb1-493a-aad0-22d9559eb51f,2.204711,33.891970,1198.499036,2025-07-29
59aa16fe-92de-445b-b098-12e5000e2bfc,0feba049-9d19-4016-afd5-a0fd3095041a,0.018981,17.022670,833.35425,2025-05-20
dfece931-d665-44e8-ae29-d62191ceecc4,13ce69d5-b5e9-4752-9b5c-a514b494b88b,3.649167,333.925878,1438.77241,2025-08-01
b2401719-ce55-4468-acbb-1969eb60aedc,6a776c0d-150f-41a8-8a99-d264d1a4e41b,4.959370,128.236071,1112.173534,2025-10-13
3bcde8b5-d762-4428-ae51-a0fe0f46047c,179e56c3-10ae-41b3-972d-f235f351eb2b,3.589418,115.895585,1197.142822,2025-08-06
2e2356a6-c0ad-4490-8198-032aac6acb57,6d732f15-5225-47be-9146-b4d4a04c1099,2.989736,39.107873,1311.716565,2025-04-02
f8b1feb9-334d-447b-94fe-082be542b87d,33c15d30-a8c9-48f0-bc37-55e611828459,1.439718,212.077736,1210.960639,2025-11-03
22a85bef-1c51-438b-ab03-ff56f33d5e9d,0de7cbb4-b0f1-4949-a7ef-ddfc2213bf4f,1.626821,393.571177,1243.117338,2025-09-22
a6e31949-12f0-4484-87be-4a29a9d5c45c,d490e76e-bead-4e75-ba39-e91ee83fc086,1.667559,259.982669,1280.147662,2025-06-21
21e875c3-cc5e-4011-ab1a-6187b894c875,8334a65b-b3b7-48cb-b20f-e2679f2bfd64,3.800160,437.757553,1395.497589,2025-08-27
d8981db6-c65e-435e-860c-65f792d96904,f9692887-99ee-4ccf-ae70-1b8730b9b2a2,1.862871,109.400966,1698.394112,2025-06-12
86dca1ab-3957-4400-bb53-4eb7cd944898,54fec970-7a20-4018-9a5a-f5e853d5929d,0.225211,465.374997,1549.48022,2025-08-12
df11f253-a771-44e0-9d34-1ca65a7d91e9,748ff230-be73-4ccf-93ea-7465bd415e2d,4.432223,157.774922,986.147937,2025-07-24
fa1872b8-2ce4-438b-81d0-3581f94961f0,f2aaec48-2002-4df8-b16e-585508cb5fbb,3.494958,104.121592,1708.261973,2025-05-03
7fad86be-2597-4ae3-beab-6caa1f899f7c,af469af2-bd9b-46fe-a229-3f13b38308ed,3.377525,395.342735,1613.102251,2025-03-07
1db0536b-6358-4552-b378-52641578377a,658d77b6-8174-4e64-b8c4-cff61ea22397,2.868851,9.301505,860.472702,2025-09-26
b880a1e5-91d6-4ed3-aca5-50603f2142bf,50802f2e-e620-463c-8e64-ad84d43289ec,1.829319,152.603271,1015.9158229999999,2025-11-22
0e38e836-c3d0-40b1-8af1-f89d53e01b98,b0e3cb74-fbab-4d32-9f28-09cc1966c3e7,2.867516,86.813065,1516.209199,2025-07-22
eeb01936-e83a-41ef-a3e8-abd6820a3827,eb69a470-875a-4f0d-b973-94e83ac62219,3.063656,102.299314,1170.34765,2025-12-21
9e480dd0-b1a7-4624-bff9-bf23377868eb,9a968453-d73d-4430-9ad9-6e6aeb0d622b,2.222199,412.326455,1665.353223,2025-05-21
44a3fe58-2d47-4a0d-aeee-dba6f1079f4d,0b608398-aa5e-4aff-ae25-2775b79b32aa,2.403746,304.949298,955.362961,2025-04-02
91a00061-bf61-49e8-8f3e-342650923e24,9272a6b6-5039-4107-b1e7-aa501f880d90,1.332221,22.482409,1463.202778,2025-05-09
3d490a8a-3e14-4f90-8ce6-370215284c13,93db2ff3-818b-411d-aa0a-461d1b364d7f,4.670436,98.738929,1385.399761,2025-02-15
090818d5-fd43-4fc2-9898-469b6f33a36e,5a4d1a6b-a8b6-46ae-aa5c-ff9144d62056,3.800727,90.121791,1315.084977,2025-08-20
9823e7c4-f1c6-4fe2-b921-7ff5e8ccafc8,7ea14aeb-2419-4c1b-b1f9-f228ef673906,1.039573,206.238726,1130.134749,2025-06-27
c44cb35a-33ce-430a-a889-1cfd666a0554,a3a07f61-b637-46de-9986-f5136dcdad31,2.485244,316.506573,1508.630308,2025-06-24
05a07543-1305-4f2e-b05a-723763e891a7,bd3d7120-0b26-48af-8615-918c4cc7723f,4.157178,370.837753,1177.565748,2025-03-11
927476b6-f0b7-4918-9d89-2592b99d5d40,45ba6a7e-e818-46b3-aae9-37afc76c21a2,2.083415,252.666704,1117.826386,2025-03-26
729d392d-8e00-4407-8323-a144c8759248,9d2cfc76-b4f5-4bbf-b964-5f8fc1990690,4.865918,353.386055,1588.919781,2025-07-09
50438adf-f183-4430-a66b-5a069d93dec7,92b90e5c-cafb-4c88-83db-6b244f17c6f1,0.729404,422.630682,1127.584534,2025-02-12
94c255cc-51b8-462e-a1ea-8fb3c225b33c,ff31ab54-eb90-4953-9713-a5c736d6f7c7,4.463166,498.933679,969.694214,2025-03-17
057a7833-2b39-4b8c-a634-87839bd8f201,741a2ce3-89ff-44d9-8e61-9125c61fc568,4.126331,138.908677,1404.287674,2025-09-23
fe6884ab-aa08-4e2b-a5b0-bccd3fb39d3c,9a62372a-f4c6-4473-98dc-a822faf93d94,1.883536,443.255954,1131.402623,2025-07-21
4328cdbf-2b69-46e8-960a-1adc23698b0a,1a4fdc6f-7805-4ee3-a55c-84eae3e9847e,0.227637,76.077292,1390.327524,2025-01-16
86046cc4-a5eb-4945-b165-ab3f8b79c23d,10d660b1-fbb5-4b37-975e-d93ddc57ca8b,4.167745,105.724080,1007.291347,2025-09-06
73086979-e7b9-4d2e-9bc6-42a34acb83a4,36cbdeda-0b0d-4649-8d41-e313575a8bb4,0.609077,444.115907,997.6326379999999,2025-11-27
ed5e1462-d8e5-4000-9431-eeef6acc9905,311fcd82-e427-4743-8743-92b55608ae52,3.317297,76.796836,1111.863241,2025-11-03
a75080a8-e8c2-4827-b836-175b0d1ff91a,6b5bcb51-43f0-41bf-aa21-76020c884ba3,0.758101,115.658597,1535.673206,2025-01-14
62342a0c-1a3f-4add-b3aa-761d4261aa4f,46ba583f-0215-46d8-841f-6f755365c4ab,2.908444,346.017519,1021.915887,2025-08-15
021a40ea-2e3d-40ef-b3be-9ae63ece6359,f472021d-6f33-4e4f-b0fe-9702db81e2ba,0.592762,188.664331,1166.527855,2025-01-06
2827726b-36ed-4dd1-9daf-76073c8a67c0,cd31a45a-0c2c-4a38-a1ba-d42e684cd8fe,4.543417,356.145147,1671.295033,2025-10-11
f30762e7-7516-46b7-adc0-7ae3e82b62c5,53e64b68-80d7-4173-9d20-fc64afa472f8,1.782556,107.353930,1060.466696,2025-03-10
fa2c17b8-01e3-4b26-89f4-325df8d85894,26f0ba81-9085-45d9-9bef-798afe4f9406,0.822139,71.279306,1216.497912,2025-12-30
7c4e7522-c069-465f-a606-eb95b3ba77b5,d9d88f48-637c-4be4-be6e-fd2d3a5de2d4,3.322670,401.062609,979.513527,2025-02-11
209400f2-9a72-4cfb-b992-0bf5cb18d0c1,26c21d01-c1aa-4ffe-89d1-679d02418bce,3.550524,109.364870,1322.336942,2025-12-12
ed05a078-10e5-4599-89ca-573c0c3e7f41,0c8d13aa-dccb-41a8-a9c5-fe7494a6f4c5,2.351644,12.687638,1552.271451,2025-09-29
a2cc5e2c-968a-4b39-8cd6-5b5e6cc3cfbd,3925a294-5ebc-4c5a-865e-955b2eee3e83,4.862720,401.994626,1350.298385,2025-10-22
da727b6a-6502-458d-8135-8be79116d65a,5f1aafe4-74c8-44e4-9f4c-638ff6d189fd,3.520823,98.373109,1011.793442,2025-03-21
7393dfaa-5467-4970-801e-545b04ac1c18,d231d331-ebb7-4e6a-a3d7-b65379f07d42,0.246578,388.996290,1076.047357,2025-12-06
07325463-a1dc-413e-b8b7-0f2d066cd9a3,cc6858bc-be2b-4859-8013-23816f750cbc,1.912108,342.841010,1292.420994,2025-11-02
2e1e846d-41ad-458e-badf-010638297ab2,e6d5be4b-2139-4f9e-b9f3-b5d438d83060,1.773295,153.526485,1272.039862,2025-01-10
1bf2601c-b72e-4dee-9cd7-fdfa2f669735,209ed17c-ab38-40d1-907d-2ab20d3705ee,4.420382,50.977057,1381.620247,2025-03-27
006ed94f-9b6c-4eb0-86fd-a89c7ad5ba56,11fe58e5-078f-4c21-9da4-2644ebbb4593,4.021609,379.792862,1232.694466,2025-01-24
fe95706f-f810-4afc-9b60-79efd373a7c8,a86414b7-8135-4948-9e69-702c3bcb8b03,4.266568,456.786672,1080.814011,2025-05-19
f025fa5a-9a33-45d1-a482-ab42ac67366c,2ce04533-982e-4fbe-8b6e-8a518c6ca382,2.318707,63.158390,1670.674313,2025-12-27
6b3f26ce-e7e9-4c65-be96-f409e8d3b7de,d397996b-ef9d-41f5-aa2d-155d70d9b249,1.186910,3.184535,1468.585903,2025-04-01
b3cef8a3-244e-436d-982f-ac62ce5d6ab4,2cb70dec-0284-41a0-81b5-6a6583eabac6,2.655281,431.036259,1278.300421,2025-06-25
9394cf5f-c6fe-4c94-a7bd-5ab9646969b9,c703cc72-4606-434e-bd20-f67661d807c6,1.556856,448.669293,1222.188202,2025-06-27
f6d1af88-54a1-492c-b4bf-74faf5528630,c0bc47ec-578c-49b5-bd37-a610cce8b62b,3.408842,387.532087,1555.797132,2025-10-24
258ad937-0ee2-4f08-8b8f-6f70047211ef,4e702a81-5c0b-4422-8b97-c70d0ac118e2,1.077221,448.750812,1249.973436,2025-11-29
e254a3b5-730a-4d7b-b841-45b100afde6b,708c38ae-2374-4b36-9b9b-b5db014f2975,3.057377,354.387475,1383.618109,2025-11-29
b215971c-3a39-497a-900d-2bed729e2011,ca88b1b4-49c1-420a-9ea3-5c4bd5029642,1.999630,444.612125,1381.809072,2025-10-31
9b1a5396-e626-43ff-9b89-0d7555597298,216ca772-bac4-4de3-b4ca-c5569367eabc,0.033172,332.170579,1534.034275,2025-09-15
b05aa3ae-f062-4dcf-91d4-64e2dc7e255c,8059770b-4581-4f36-8bf6-d154e065293c,3.196948,148.761152,1219.585188,2025-07-02
d1078f59-5a59-4908-8484-75a09cf0fd86,f1ed0522-19d6-4fac-885e-acb6780697b0,4.052628,425.736148,1584.634264,2025-06-20
469f87e1-2934-4b2a-b425-6a266da8ca0c,63987813-0332-4c20-b40d-01fd4458c601,4.918861,122.950753,1546.212048,2025-01-24
f357988c-c9df-41a2-bc49-b5ca53a115b5,b52e88cf-4442-443a-b0f4-759555f797c2,3.753924,242.791588,1031.197804,2025-08-09
7ea58c5f-a4c7-408a-96de-6bcbda85bcea,fa33fb6c-f908-4c3c-aa85-785d5a975c65,0.774267,21543.833101,1171.14923,2025-01-14
3fbb8351-8aae-4c2a-9b3d-de86b447140d,626089c9-a0f4-4e5e-911d-7b5d23f444a2,0.736486,493.898593,1552.508725,2025-12-05
84fdf564-ac8a-47f9-9fc9-4571cae9813a,8da76b83-71bd-4562-ab72-3cb675f3a3c2,1.887027,4996.890128,1732.817941,2025-12-19
83a5c72e-2e5a-426b-adb3-5dd4e08af0d2,07d48a48-1964-493c-abff-a9282bfd2a6c,2.845203,258.722352,991.751738,2025-01-30
cf27ef4c-ced3-471e-b520-da818813e22c,8e3443b8-f7dc-4998-8496-48fd585dfb39,1.057435,235.957889,1173.633277,2025-10-31
de21a701-8ee3-4e7b-b667-1123997ef05c,645c9d37-cdd5-49d5-a5fb-ba0c04c319d6,0.190542,457.771845,1663.0383530000001,2025-02-22
cc9ab69f-7620-4e3d-bb4d-c570976b57f5,f325d27b-1cf0-4b68-a204-43b68153489e,3.668815,197.757453,1202.158208,2025-12-24
fed42dab-cc1c-4282-af61-4ea21befa646,1d918f77-b426-407f-9406-21f6e08d360a,2.308850,385.332222,1088.614251,2025-03-01
c35ae917-64ae-4548-838c-5039ce8e86c3,dc44fc0b-5544-4520-82dd-3a8d4454d87e,1.644019,476.580726,1322.269976,2025-09-09
b3bb3dda-76ac-4988-ae70-6036ce5461fc,feae6f87-e8d4-47b5-b184-3220ef49169c,3.266714,178.001629,1336.6769590000001,2025-04-16
ac863257-0976-40a6-9dce-414b0ceac6c4,ed3dbe70-aea6-4356-8903-ee316085346d,0.987776,386.713608,1513.268224,2025-12-20
beb3e23c-8f44-4397-9b61-4fd586469166,eacb5b0d-984a-4137-8dde-b0dda82e5a35,3.084591,298.495000,1695.806674,2025-04-12
79ecbfd1-8151-4086-98b2-bf89139ec32c,c2c2b6c4-cc1c-47cb-add5-bd6c545030a2,0.828134,239.509070,1532.474963,2025-04-21
33ddc755-6c8e-4aeb-b80c-480652bd723b,8b3284b8-ffdb-4820-bad3-ae4dc15cfde4,2.246469,306.148908,1870.732174,2025-02-13
520ddf5e-5c4d-4e2d-bf3e-29d2e8da8724,9420a2a7-5443-4eaf-95f5-b78a7a366c83,2.511369,61.687183,1061.958366,2025-05-13
a451c1a8-9442-45ba-8cca-8aa05da923c9,b58f027a-1bc9-42f7-9010-56499b958103,0.219776,131.711172,1089.37287,2025-05-31
868dfbce-00cd-4e52-b740-603eec517154,653eeafd-af38-4b90-bb03-ea05d9d33637,0.424802,449.830387,1006.188695,2025-05-27
7876767f-f3f2-4570-9405-a3ad9751312d,c91ce851-c8b1-4ff5-aa67-3517e7644e04,2.413756,362.310407,1356.446635,2025-07-31
55225d28-0145-463c-bb87-6965c02624e1,06a72468-5775-40ed-a0e0-0bcd135c0047,3.075760,57.548950,1376.76159,2025-09-07
37f513cf-fad4-4d8e-b015-798e7c7c84c0,76027cb1-9ed0-4f9e-b785-06685fc9a600,2.819195,215.926522,1224.961152,2025-10-01
fc15f787-3b2e-430f-b959-fe4264f953cc,3709db94-611b-40aa-85ea-87dbc28aa93d,4.075027,133.596015,1907.571232,2025-12-19
9045482c-8563-4249-b202-afaa0d8c6deb,efa8ef91-0b10-44ef-a7b6-8cd6dae58a5b,3.002953,451.308551,1534.75573,2025-04-13
621a9761-0f97-4dc1-b674-54ed34d78416,95e4bfd8-0a65-4327-98a4-e9b8982cfad4,4.302836,217.795431,1461.013319,2025-02-07
8528f494-03c2-4417-ba4b-abff6bc51a7a,5e218e5b-5320-4496-89cc-6d3a962ecaf2,3.381790,11511.003657,1129.303693,2025-07-06
41be2e80-cbc3-4390-a76e-11803d6325b7,a8855909-ccc6-46db-80f5-c93c3748e6a4,2.607569,445.260118,1095.984531,2025-12-08
784ac2e5-6729-4a74-9377-9426b2068081,f567722f-7c9e-4e55-98da-0704bcdc3bad,0.612688,468.304224,1314.121122,2025-12-06
ec272e0b-6384-4361-81c1-b675320f315d,84505eb9-2829-4e9c-b495-c088e1cba681,2.716440,448.322883,1163.053999,2025-12-20
61190df1-4820-43cc-af73-c0ef7fadc9ed,79ce57ca-9743-4fcc-a3c7-cad00c7c3d55,4.314631,96.576944,1312.25527,2025-09-05
e9ccb9d0-2fec-4ca3-8e7d-4c34a5f820f6,cb42e00a-1779-435b-b236-a2939d8aa828,3.561591,81.527924,1074.220014,2025-01-24
994cc430-0336-423c-a002-92585320451d,d093367b-3518-44ff-8dc9-a6c21ca3441c,0.941079,5111.038913,1388.331451,2025-04-21
4ca2a0d6-5772-4e92-a04a-aa615165e0bf,9d17107f-a6f0-4f59-82c9-fb4b15f72faa,0.188149,390.336534,1532.703312,2025-11-09
2c403c95-73d5-46c3-912b-5b00c3e9b144,4f07c2fe-e989-4316-bde8-e26311e532ea,0.059492,318.732494,1041.39041,2025-02-08
5ca5f4e8-b7d8-4cdb-9c1b-cee07bf20e7f,5d0c8dcd-a610-44ab-8f80-0003a67abd1c,0.768533,459.950290,1227.335714,2025-09-16
319e0266-7db7-4021-8ac6-373a0d084913,4b80040f-07f2-415a-a4eb-1a2d0ca9c08e,3.307530,158.465399,1105.461869,2025-03-30
11a995ca-85bf-4d5d-b238-da619685376a,dfdd1a4f-ebd3-411e-a9f9-3a9a943895b4,4.772016,184.235767,1687.8219020000001,2025-10-20
fec080d1-97c7-42a7-9ea0-cd4fc6a5b582,de2702b8-64e3-4740-a3a6-c3ac5dc3abdb,1.566414,325.536176,1644.4263720000001,2025-07-21
d9904846-10d2-4cd1-bf45-fd9a725a82ce,bf99148e-608b-4096-aadf-b673b11a744c,0.588454,392.039052,1514.339653,2025-02-26
6aa2d217-52e6-45cf-b9bf-1d6322190f7e,737ba889-8181-42e6-a779-7ad05aba1d65,1.155452,13973.951438,1110.523711,2025-01-23
00c96534-86a9-4f43-96a0-7230954425b4,d1845c35-34ec-4a8b-855d-ffddbc1812ba,2.326512,476.756885,1376.288235,2025-04-19
397cdba6-e048-4ac8-8e79-0fd0c0e2e23e,8a358d98-101a-47c6-b0d4-a25eba4084f0,3.827608,325.445035,1462.3723850000001,2025-06-19
cd1b6df7-97d0-497b-8f07-f62403ac3646,d50ad277-c334-47f8-9fdb-bab701f5831a,4.659090,77.606319,1184.766008,2025-01-28
2bb0faf7-50eb-4e42-bdf3-1d2500b87923,6c8be86c-b2e6-432e-9df5-a50b18bef9e0,0.908423,191.605373,1428.455269,2025-08-13
625b670e-1509-41f1-b238-260fdb6ed58d,6ef21e99-5108-437b-b829-0be7e6e343c4,3.115558,486.170214,1335.222029,2025-02-05
60aee187-654d-40a5-a821-4a2027344430,224fbaac-4d7c-4271-82a0-30c282688ad3,4.385221,227.989102,1280.668101,2025-07-14
abbaa0cb-445a-42d3-9bfe-4a404c9d4772,9817c40f-5ebc-40c5-b141-7c0adcb41ab6,4.794361,3944.369908,1731.260486,2025-05-06
5e07be26-744d-4809-b616-84d5eac7dafe,fa5d7bcb-9bb4-41f1-a211-c1fa2d0fca9c,4.227468,249.759457,1375.838888,2025-04-20
b2143fd8-a059-4725-abec-5e0a28244cce,6d2d578c-94ae-492f-b72c-0033d4923f6d,0.727163,42844.569663,943.154816,2025-03-11
b9f4f573-98b9-4276-903e-d01aab93b428,76a6c2a9-08b5-4108-8d56-3d284dd6c425,4.098845,363.544343,1427.000778,2025-12-22
10d1dae9-6387-435d-9744-11f6e8211174,c504b206-4f26-4461-ac6f-05e564f3a8fe,4.984527,446.417449,1671.517777,2025-07-27
47039dda-f562-4aab-b47a-1bb05a3cb7f7,db631f90-4e07-4e5d-9a6d-d61f65312562,3.324907,469.860208,1484.892116,2025-09-10
ba251f69-dde2-4001-85cc-572b5e2766db,463012d6-e6b7-4fbf-bfd7-c55d62df7b38,3.714496,101.141619,1365.901682,2025-01-26
e98dd6cd-98bf-4a64-a451-c235eb8f81fe,17edd342-a8da-4fd6-bc20-591179c50eb5,3.319530,102.756826,1204.058668,2025-11-26
e7376a3d-afe2-4559-880a-69523ef83897,f7864099-3368-4b6d-8949-b25168c97b15,3.610213,253.498502,1579.558087,2025-08-11
4424daa7-8bfa-47a0-ba69-02b60d647b81,6ca7d6e2-1df8-43d2-a080-af2d2262b881,0.357172,280.584056,1368.9467260000001,2025-10-28
b81431a6-0772-43d2-b377-f8cae216eb01,1104effc-2098-4da2-83dc-9ce72bbaa23a,0.246870,436.920903,1298.949533,2025-05-09
5f9f9c22-c09a-4114-b894-6f2068f132ac,66b4574d-9c6a-438f-96f4-86ba6db24b4b,3.760302,256.052925,1122.216468,2025-09-03
78281d25-f676-4094-90dd-2fd179aae547,5b57bcde-8904-446c-9c24-0dafcf456a05,2.335371,7.833354,1388.805932,2025-06-24
311b95ad-c0a2-49ca-913a-e3233ea9b642,0c2d36b6-4e80-4191-abea-52eb4d00ca85,3.415859,51.096703,1290.207668,2025-09-02
90ba5c8f-429c-42ad-81f1-741d4e4a286d,ebe4d99f-6435-4795-9940-39bf9d75f04b,0.264393,156.882565,1065.278403,2025-03-07
52f29643-8526-4c10-bfd0-2f19e96b7d6f,b298825c-9064-4249-96d4-28b496f7e7f2,3.951786,134.904771,1474.916811,2025-10-15
4e4c572d-07bf-442f-9f34-0307aa81e601,ab8dba6d-0c4a-4157-955d-4925d90a726e,1.022028,434.652254,1488.97441,2025-05-02
835e537a-bece-4562-ac70-0850139830f2,6fa19109-026a-4e59-8430-c196f0b880c2,0.996397,188.150769,1114.34718,2025-04-20
8ab9775c-3922-47fa-beb3-969715624c17,61de619d-3820-4b14-9a32-ed6180d00c31,3.133374,382.738546,1501.97069,2025-11-29
86fbf3af-f06c-4286-b792-bcd9647c9b3a,b7c2f758-6fab-4711-aa25-da8c7e362a8e,1.239183,397.617076,1379.527445,2025-03-08
2ae65a2b-e784-40b8-8a26-8533c6fe1b86,4cdc3cf7-2599-48b0-a860-be5ca6c032c2,1.367631,358.926928,1113.822375,2025-06-29
c8fba167-e035-45c1-9de0-10ede2cc0bc7,86df0518-bb38-42e8-9e46-a532cdb10167,2.613820,17802.517371,1075.118485,2025-09-01
a6776636-9561-496f-8288-645c693862af,a0c77235-811e-41b8-9a86-338d9299e767,1.798163,452.925949,1015.833269,2025-08-29
4b55d9d5-41be-4551-8717-92d92a90d0c1,7fb8af40-b398-4afa-b655-212b50fa7a6b,2.683756,385.015959,777.373813,2025-02-21
a9bbfffb-749e-4ad3-b8be-4a20399c80bc,70cc9867-f8a8-45cb-ba74-404450a37885,3.474533,258.984181,1283.16776,2025-07-17
0d86ae6e-1e14-42f2-9049-79a2b8d3f7ee,cb97221a-7d6b-4a61-ae47-089348e49180,4.670889,330.120293,1509.089565,2025-08-16
379a3aac-f935-493b-83f5-0acb0f1d94e3,ce55ae94-6197-48a0-b40b-640f5a088711,3.420787,330.969513,1116.317732,2025-04-01
88835147-2aad-4cb6-95d7-7306018f19a0,ab473e4c-eac7-4f5e-bc79-c5415a60f009,0.729955,49261.514844,1391.528411,2025-04-27
83e3eac9-d1ea-4d9f-a52a-f15269aadf52,0b1ad86e-8ee4-468c-a2d7-61f65240b1e5,4.858331,394.181906,1433.02109,2025-07-19
356f870a-5a2d-4648-8182-da00b165e2fe,81421d0a-8b48-4103-bbd0-bba9e905d6ee,2.247997,273.332092,1369.452444,2025-09-01
89db895e-ea39-4aaa-8092-a5995dd8e002,ef2d7b27-9d29-4c96-84b4-3f88c215e86a,3.410618,239.045029,1085.213028,2025-12-15
036399f1-ffd4-4b09-aa41-2f52c764ed5c,36a935ec-2749-4358-8475-a61dd1ddd304,4.525116,162.663515,1312.63297,2025-07-31
15956f2c-5322-40fc-827d-766845e4e5e1,73dce126-70f7-4f6c-97d5-492797a92bda,1.020039,176.384860,1150.710446,2025-08-21
f2e494dc-6308-4ec8-ac80-f84161ece724,06af44bc-d7c1-49b3-8c76-9b8e158bc7a4,0.486132,473.249375,1415.693444,2025-08-05
7ce54784-6481-42c7-bd83-4a8a976dceaf,fe220823-890f-4d16-8156-ff425ef335b2,2.541101,128.545562,933.660906,2025-06-12
79e84211-bd86-4075-9aef-8203ac560236,5d0822af-c968-46a1-a2f1-5b433a70d3ca,3.271226,493.738535,1313.467099,2025-02-21
b484060f-a37e-42f6-978f-c80a9472405d,593799c7-1964-4a5e-aac1-b54b859a7f9d,0.074605,493.999112,1259.21667,2025-09-12
699cbaa9-1c71-405a-b01b-1b7b8403247d,da2ee618-d778-4603-a2dd-d1d6e4831bec,1.460850,340.459248,1213.192113,2025-01-18
a3d996ac-7154-48d8-a769-c7179d6bc792,743fc641-587b-47de-af10-0a64098db45c,2.134865,253.945825,1104.175156,2025-08-10
e646d518-db5f-40b7-ac5e-f877f1b87427,399cfb99-a415-41e9-8704-243df0fd35dd,4.459506,482.121645,1231.953548,2025-02-13
3eb90317-c4e8-4fb1-8e13-159bef148138,7d88ce34-8c48-4df3-9709-95b2b47535a0,2.008663,220.064053,1780.254176,2025-05-20
82957fab-79d2-486c-ba94-ab8dfb912f81,71925468-0ec9-4e53-bca5-34ac5a3d2797,0.996563,495.310954,1554.68626,2025-02-24
9907fb16-5dd1-428c-8a97-23346e4e1762,4d2dd641-2b32-432a-9b8e-330e9472651c,4.378998,230.403635,1624.214346,2025-11-28
e9ef5804-6796-4fc1-8be4-762a27453b91,5566cc61-2a2c-4a1e-8593-ed7290526a41,2.403066,8442.062426,963.665003,2025-08-10
ef0afe2a-b33a-4ee2-8d9e-ab27f2b0b52b,c9d1dcba-c4a7-4c8c-a413-021034a2de97,0.233057,59.372099,1049.409537,2025-10-03
30f15cdc-c8bb-4bf3-a58f-4473ce196f95,b7fd11b6-a9b4-493a-aece-b7f2fa60123e,4.171048,46.371683,1327.769928,2025-07-09
c8aad00c-0f43-4897-95e0-c773b42a56b9,dc704709-62df-48d7-801f-3483fdb01e96,2.802731,168.995081,1479.954368,2025-04-09
2c34fb10-aded-46ed-b893-31de5e899b47,4cd53b33-3aa8-445b-8b77-7562ae0a6f5a,3.717958,461.530677,1564.902289,2025-08-11
442d607e-e383-4bf9-9e08-03b20fcd1ff8,50ed8302-4968-438e-a784-3b4593d559da,4.358884,327.876399,1668.20333,2025-03-21
17e2dce2-355b-48cf-b1bd-c4d2addb38a4,03b1993c-b9df-49d6-a7e7-d8c251338e39,0.086211,258.148119,1009.488674,2025-07-31
f02fb7be-5e95-4450-8ad8-489924b83dec,bfad00c8-595e-4b02-b1ea-d554212b3447,0.424376,131.457764,1003.899461,2025-04-30
acf1c276-2d90-4018-a43e-293acdc8c36c,8ad22458-0050-49bd-ab6d-a5791d44dd5a,1.370648,334.694140,1137.163156,2025-04-18
685e7439-62e4-4c92-a64e-51ad4f153064,34ae3ccb-d99b-4efa-94f2-7c89c003bff0,1.468440,25689.154901,1894.157122,2025-09-28
590f3c6c-0804-4c1c-af57-c1885a8f8851,712ca3bb-64dd-4ea8-83cf-3dbe86de6691,1.664966,446.280165,1217.720502,2025-02-28
dce8079b-0761-4cf7-ab13-32d713c069e8,fc08c5a4-af17-4519-9c01-528e3227b0cb,1.103865,366.613915,1418.023132,2025-09-19
68ceb649-09e0-4114-ae11-caa5cdd6d66a,3acba58c-4412-464c-a727-9f95f00fd631,0.980185,484.745398,1434.657244,2025-07-08
b390e096-6a5b-45f6-8eef-7b974550045f,25149d31-12d7-4c1c-90e4-648a62dd3081,2.312508,132.552606,1555.636172,2025-11-09
6638a25c-5bb9-48b0-854f-cc34993bb327,1c84c2ee-ca21-43c0-988f-98f60e1008da,1.534752,448.545639,1223.649217,2025-11-25
7d48d77a-1901-4d39-978f-d3c8baa4410c,1dfbd87c-0277-41c5-a9a0-caf3dfb686d9,0.655383,393.102837,1519.294789,2025-04-25
fa86b0ad-6e64-42ef-8170-592b28440b76,e2c1fe75-7ab1-4eb1-9e73-ef723ab112df,1.316482,453.460666,1268.776802,2025-09-02
96b1f07b-24b4-43d7-8ef1-37574257b7e6,fa2bd0bd-eb78-4dab-8a71-c15e5744896b,4.758238,215.758965,1471.100348,2025-06-16
ceed8a75-284f-4ac7-bf14-f28f2c830cc2,94d403b9-c926-431d-bddd-b37cfb5b99a3,1.633965,498.359999,1214.5620979999999,2025-05-05
223402c8-9281-4b7d-8b48-c395752d2d5d,c121c37b-991c-400e-82d1-1dd0f15e5e1b,2.275491,417.718848,1665.511549,2025-03-31
d1d25df7-8af2-4663-879e-4ab6bf68d416,ed1a47f4-78a9-408f-9163-227eff58b5f8,3.319942,312.884688,1414.181176,2025-08-27
e3f07fe8-b035-4fb2-99c9-82b07fa2f1a1,fc777177-8e57-42c6-977b-f29b4de416a1,2.995765,86.221112,1278.422033,2025-03-14
6fa0dc77-4cf9-4afa-8e19-76cb9bdf2a18,553bd4df-2e9f-4242-acb6-d15567915fac,2.103085,492.018436,1295.948308,2025-09-25
1ed6f6ec-2a72-471b-8563-2bba04b0c969,f27356cd-f08d-4b8d-8537-16138c91e1cc,3.057304,414.622579,1391.914998,2025-12-17
c55456a3-8912-4855-8019-b1455f1a362b,4e453f77-fe30-4891-aaa8-9223f3236c12,2.971537,119.421081,1051.163923,2025-10-28
1d9000f9-c381-4b20-88e2-dad37e83f21b,c0a038cb-18d3-4008-bdae-79c2d10a3ba0,4.451041,421.022879,1525.429115,2025-05-02
0e0b6562-ff65-4ae4-8bc6-02af6ca6f30a,667d0b10-b9ff-4b6f-a958-d19d4cad4d2b,3.801871,114.613091,1227.839696,2025-10-15
b1cb7d5c-5a3a-4fa4-90a6-40deb97360ee,efcb8dbc-4307-47aa-b02a-312537f4223a,1.098945,9231.208498,996.087298,2025-05-09
a506cba0-cd37-480e-843e-6d621afd55a8,85ab9b07-b68b-46c7-bb8e-7106d5338ee7,2.364254,122.245460,1094.479881,2025-11-28
43575088-adab-4b74-9c9a-ac3d8281f88f,2e505c4d-c227-4b30-b635-c9f2c5cc4fa2,3.538933,366.164640,1392.585707,2025-03-25
02b21bce-e6be-4595-8cea-cebb7cf78158,1082f731-b67e-4ddb-9a40-fa075f7a2432,4.652909,498.360834,1315.14679,2025-05-20
080f5998-49f7-44b5-abca-98f9edb88170,fc088563-085e-4999-9bca-d762d0f65e5b,1.106618,281.900325,1152.945847,2025-03-30
20fc68dc-c3d1-479c-a6d6-aaa1f803c3ca,635d84ec-962d-4c25-98d6-837d6747597e,0.748247,430.815654,1249.918806,2025-09-01
c733c72b-9fff-406d-b936-ddb1431e38e9,c37ec8d5-eb93-4e80-81a2-8f2495211048,2.465781,135.764440,1735.56106,2025-03-07
e47daae3-a329-4f47-be70-2192c3d63189,6313781b-91ec-4c36-a9b1-10ccf140af6c,4.030474,59.186703,1285.241415,2025-05-09
fc321afa-7fdf-43cf-8820-394fe7822ab3,a894aa5f-2ecc-426c-b25d-bbd87ac968bc,0.076436,307.012457,1109.886035,2025-06-07
b7c2cb91-9dc6-4da3-a348-238e86771b26,f3b865b5-3cd0-42e9-8c64-313919996190,0.948192,24.353865,1390.869884,2025-10-05
d764cf63-75be-4e38-afe4-788a3454332f,bc8eba26-d633-40de-be59-71b85e79561a,0.843540,454.748648,1352.023212,2025-09-29
e1e7d85e-22ce-4bea-ba07-364bf052b41b,0f2feb8d-b6e7-46e6-a5a2-337341d84530,3.386484,469.758464,1719.562956,2025-01-20
c5f58f1f-e361-45b4-a9f3-269ea4bfdf79,f144a3e0-4945-4362-9cde-14d823867381,3.789719,62.822392,1753.802105,2025-05-05
dd68151b-2fcf-4128-ab27-891297481024,dd03f747-7225-444b-bebe-07f13f17bb8e,2.479376,425.811281,1285.998563,2025-09-19
2ada7d5d-0dae-46b6-bb12-ff1dd7c528bf,79703924-8c78-4738-b0ee-f876b7461373,4.774472,493.318235,1612.672961,2025-02-20
490df3e6-f5ac-42ce-93f1-28e071079bc4,bee6e0c1-bbe4-4326-bc95-5435c72b2060,3.373534,210.798673,1365.94835,2025-04-02
d7bc1699-45e3-4a27-acd6-f3a2d99f2d47,5ddbf11c-8339-494e-aec9-7f4d47fcd9a8,4.610833,229.068380,1206.042567,2025-12-20
67a06999-a125-4e82-93d0-b4b143738a75,3730dd3b-632f-4fdf-9fb5-9327c42c42ff,2.875268,66.629968,1076.137851,2025-10-15
842eb07b-b4f6-4a84-94e9-763982e53547,98fb19bb-5ebb-4034-8372-c9381b5eb8c3,4.452381,59.400799,1492.281111,2025-05-18
58c1c75c-f141-4cab-8197-cf8599980938,8bbff4db-bf0d-40dc-86ab-51b40059b00b,0.581250,331.893551,952.492993,2025-03-29
a6328d2b-cf33-4422-8a6a-8c9da0b41a43,005f5b00-a957-4a50-8206-29ead6d04435,0.184442,248.572123,1498.4074190000001,2025-05-14
daae72d5-64e0-4079-8bcf-f4eff7992d58,c25d6036-3df4-477a-99b8-31469316af9f,4.628055,448.210478,2529.3731940000002,2025-04-05
65e30f95-4547-4849-a071-e19efceb7176,9196dc64-de89-4bd9-97d4-ee1a38abc60f,0.471959,3.471371,1121.615023,2025-03-10
1831ddfe-c892-4b7f-bf96-d0cf7f839af3,4b575685-117b-40b1-925a-744defa2659c,3.369481,338.576654,1463.978522,2025-11-20
e9ab0382-8e61-415f-a629-fe90f8850061,4c9bf06c-5465-4eb0-8ea7-443ffd195595,3.837389,407.725679,1818.994705,2025-08-14
35cf03d9-79d0-46e8-8fb2-32d35642f18d,af36c1c9-3c2c-41d6-8678-314e1f9e2b61,3.169299,40.488965,1185.786899,2025-11-25
787d4e0d-04d6-4a3c-8d39-95a12be25161,ff32679c-36cd-4a06-aefe-d43d77bcbcb8,1.725346,233.277963,1390.946794,2025-07-21
7ea1c5ef-a597-49c0-a7b4-2720ce827971,8c27b649-9abe-4839-b172-c8290f71a9e7,4.066248,286.571490,1197.646571,2025-01-17
717514d7-f8fb-4b1a-b6e6-6bec840f6b59,c1b81bec-8816-4df8-b938-9258df3d8ed4,2.164026,22620.666159,1725.577141,2025-01-10
6744e2de-3363-41e4-877a-523a6702575e,41022b85-2fea-40c6-a8ec-62fea8bc5c7d,1.155444,12541.529918,1256.777384,2025-02-02
34e9d303-039f-4a74-b3a8-721f2654ea8d,8c8e969f-f1b9-4ac8-b971-1306dbc9fa58,3.442663,59.124182,1207.84437,2025-03-15
6b04cab4-34ca-4b78-96c0-1ede9891b59b,8f89e5dd-da9a-40f4-a2a0-4792b19dc939,4.392185,379.118749,1372.311107,2025-05-03
b8310136-c5a3-467e-b2c3-5b20559adb5f,66ae301e-d2fb-4e8e-8df9-aa3eca3ff88b,4.449815,468.584816,1202.486879,2025-11-09
118cba2a-0c2e-447f-a0b8-1c124d5afe50,c7629197-deb8-4ea1-947c-7d59b43436a0,3.891022,38.615729,1583.780432,2025-05-15
72ec77ff-a4da-4e91-8e1c-1853e1904fdf,145589b6-ccbd-488c-8c80-617b01dba6ad,0.533729,120.236497,1145.36395,2025-11-07
8ec2497b-7638-4c00-8ed2-2b590686e9b9,b1b08b54-70be-410e-bb21-c9cf43c82809,0.025712,5.739851,1378.563697,2025-02-21
08b0b14a-572a-4607-8cdb-a31a05e889ff,053a7c01-75c3-4ac4-8c36-5e47916fcd31,3.827856,417.896701,1101.878975,2025-07-26
86a9adb1-84df-49df-831d-89b774dc0a52,c4ddc366-487d-44c9-8542-82bfb165a980,4.820320,45254.806237,1520.323059,2025-10-17
c009e075-b422-4c8e-9ec8-557bdc103f34,fa0b0c15-26b5-41f2-b1cd-15ed9b2ff531,0.198818,136.685688,1330.597555,2025-11-29
28e7ddee-41ad-4d8e-a678-4f04dd15bf16,04588420-4751-410d-b60f-1ef3b0e9ade2,1.545926,325.663550,1144.22421,2025-11-07
1d851595-8549-42f3-a727-1774bb265352,423e9809-93c0-4bf4-9693-1bc2db88e09d,4.775108,156.385190,1163.005304,2025-07-29
e716ecf4-7bbe-49a5-a363-0f4a904ccf5f,6214ac13-85c0-45a3-9243-d3776ac97c75,2.712208,94.532663,1357.279195,2025-11-01
03eded66-2bcb-44e1-a238-89167bae17e2,1d0c44c9-ab10-4810-a973-684fada4e9b1,0.730897,15376.306158,1234.871822,2025-11-22
a03ee4ed-cc92-4844-a0ff-0f3564d05fa3,fdf84961-b529-481c-aba9-bca9cb19ef29,4.212491,281.176453,1465.517625,2025-03-05
20673dd4-57be-4efc-bf85-303289211013,07223c32-e65d-4617-a698-aefc62bacc90,3.413638,8675.271021,1351.316842,2025-02-13
acd2b741-4570-48f1-874c-54132f1a4e32,2d8b75ff-b0f2-479e-8bd6-cfcd18448d1a,1.790428,400.725273,1402.012136,2025-05-24
22d2a502-bab7-4b6f-ae02-ebfabee0fdf5,9f278800-1cdf-4611-ae84-248d7129fc39,1.793781,365.001348,1410.724021,2025-09-24
88499575-cdcc-471c-a0b5-ca9b6fa03c20,0b1bfb46-0340-4985-bf67-954f047150db,3.916463,179.220457,1074.713538,2025-05-04
f9351639-c1b3-4d49-a780-14f148d95358,8101ebe6-104b-414e-b7e3-9689b2954b75,3.118511,368.185441,1247.339048,2025-09-29
3ce2abb7-aff5-45ac-80bf-8e89184c00c5,ead15ad6-cb54-4f3a-a631-dec08e6d0a39,1.946397,163.461563,1220.539866,2025-10-23
4f70156c-4851-44e2-9042-a083bdd9f51c,64de4edf-2cca-4dfa-8f6d-e8ee70afb4a1,3.351385,14675.795160,1389.552578,2025-01-10
36efabe5-02bf-4e2c-944f-6141a0746a3c,5be14279-8cb8-41cd-a9d9-413de8249c9d,4.933794,69.337097,1124.124981,2025-08-29
3d9e7e48-52cd-434f-9efc-ef0af21d76ca,18442e7b-1fce-4aaf-99fd-27fa2a1b4f9e,2.410822,209.510301,1399.087412,2025-08-28
90baa394-72c2-4fc2-9f76-cad9e33c2500,b5ef22db-de58-4f91-a588-1bc408a90796,0.464358,399.679428,1451.3494190000001,2025-03-29
9578f4de-0e07-40a3-a89a-45f783f13f8e,05c0d295-14c2-4e61-8e5b-f385467303e4,1.460583,339.243039,1665.764081,2025-02-06
fcca3cbb-c2b8-493b-9d77-709d095b894d,c97dfac9-f356-475c-b75d-b3dc157bfef5,2.106871,392.293329,1334.825505,2025-03-16
6e2542bd-df18-478b-8b56-cfa99aa5ae90,71311f6f-8636-4e43-b92f-5a861d65a93e,3.355561,154.700373,1511.205128,2025-07-06
8cbb1b1b-d647-4d91-9791-874661dd8aa0,05eeccbd-eaff-4e8f-944d-142d8b25bfcf,4.557035,35.329022,1191.913837,2025-06-11
ea717251-921f-44b1-85e9-1ad86b481cec,665aa030-d875-4bc3-b001-1e4f12e936df,2.999518,6809.104621,1413.728695,2025-04-03
656d271a-8363-406c-9c9d-d8df16254342,59bd68a6-f9a4-4cb4-8a36-f6856a4359fe,1.348052,26630.485530,1538.468217,2025-04-30
18b660b6-0ae9-450c-975f-a1e00f133da1,58a37944-9e11-4b45-a81c-7cb70254cec5,0.358576,9.630641,1628.699557,2025-06-09
bf22acae-d679-4c7b-94de-841337e2581d,a2aace58-3aac-49a8-a214-a1587780ed3f,4.898531,480.306774,1162.920713,2025-09-15
285afec8-ca46-4dff-9f3c-1c14c0bef0eb,1a8cdc8a-f1dc-4f02-b450-b1642c2718d3,3.838229,414.736537,856.674433,2025-07-11
936bc356-7ae3-4821-9c8c-df3bc483a69d,2bfe4810-c71d-4807-b66e-51bc4f40dbcb,4.480074,379.654914,976.5431560000001,2025-06-07
ad88a49a-026e-41d7-8d15-22b64a99aa7b,6c2bae64-e5db-439c-ba96-6a91650a406d,3.680763,394.658960,1252.394472,2025-09-27
775de03e-aba3-40d4-971d-870613b1c895,d551b8d4-c693-4648-ad7b-5b4a1f0e6162,2.803288,4.936771,1447.592917,2025-04-15
1e514141-4920-4cc3-a13e-9c5dd91590ad,eb45d045-1cc4-49de-93a3-a7353e8bdd80,1.230455,395.920797,946.822804,2025-08-03
17da8e00-3922-4498-811b-2e74fb2d5afc,0ca2b8ed-152c-47c2-9c22-25feddf61b89,0.765306,382.527751,1218.891762,2025-01-07
353cd410-3d25-447b-8b4a-0ea25615334f,b6019454-ba57-4b21-b84d-62d2b7234724,3.135852,395.525517,1343.464048,2025-01-31
4ed9f34d-3259-48ba-9c3c-a9fdd1e39b62,100fd8c5-b673-4b72-a529-7b93a8b4115f,2.625689,18946.510679,1157.455387,2025-02-23
884a3017-e6b6-4b18-8a09-582167b90f28,3783ed94-c887-42ea-8866-e4afdfa7c5cc,4.819063,62.510004,826.674477,2025-11-05
045bf1ff-2886-42bd-ba4b-959d9a61e143,d19b5554-2991-47e5-81cc-cce5e6685219,3.572912,388.521420,1157.342008,2025-07-16
2bd23803-a38c-49c2-b9cd-64816415b3a0,22f19115-a1e8-4718-99da-84668b5f83ce,2.998635,197.915115,1634.071187,2025-02-20
9ac3b862-0019-4983-98e2-45e16bcf78a8,731979b6-aaf0-4683-9dec-07977d2a8cc4,1.667370,275.632834,1350.640258,2025-09-30
8c807ce0-c8ab-4fa4-9967-4251e4f63511,06c79ec3-3583-4e1c-b989-57863398ce55,1.364477,339.053341,1126.761801,2025-09-04
92e9c231-327c-4e75-a7e9-71fad4e94921,ccae2c47-cba8-4015-ba1c-a47079bac21d,2.994917,441.832922,782.787746,2025-07-08
1c699638-63ff-4e43-a431-ab22eeffec22,2cbe9129-07d6-4953-8365-32489917a1f7,0.624001,40.012515,919.780433,2025-05-23
af79bbdf-1305-4112-93cd-cb6eb391604e,1c5ae191-8962-4b11-9f4e-cb305062b4b6,3.037759,1.544650,1337.911009,2025-06-24
6519666f-5bda-433c-a31b-dfa472e3c737,89ce7bf9-933f-4ec3-95c2-3cb6dc3b15d3,2.986565,187.567480,1403.253827,2025-03-13
3ec5f865-2fdc-4039-84ea-5c5468a59d01,039eb1a3-54da-4391-bce3-ec5b7234c9a7,2.164788,226.798360,1106.9559570000001,2025-03-08
5cb4f641-eb50-4440-9f84-2d00ce31ba37,30bf52ff-23f9-4550-b3c7-d390203236ef,0.709366,466.834282,1112.2855,2025-03-26
67c3167b-b326-449a-b070-072a9cf1d4ec,77b5fe1a-01f2-4ac7-9d6b-95582b51c63b,1.321206,252.797716,1408.123007,2025-12-29
7c8a4b34-93f6-4831-8c6d-a7adeb149f63,d638baf8-d716-4ad3-83f5-57c417f173b8,1.154362,140.175118,907.620295,2025-03-25
08dce76b-8413-4cf7-879d-57fa445f7830,863bde07-16e7-40ad-bf97-0ecaf14bcac0,1.633608,4.559465,1167.554402,2025-11-03
b7ceaaa0-09ac-4bff-b404-3a567d5f7222,2ae9e56c-39ea-45f0-a45a-a39dd86feef6,4.974696,354.276559,1142.297259,2025-07-16
eb5c377b-adad-455a-b976-de4f44b7300c,d7fe5e2f-4a8d-43c8-b74f-67a0c18dfa37,1.697588,328.379306,800.692154,2025-10-09
59bb3717-6d8e-41b2-8bef-6e386aeaccbc,c59888bc-29f6-4245-b633-dcd4ca1964f1,0.547730,271.109190,1169.173933,2025-02-05
0fad2fe1-825f-409b-bb14-43d3fabe9756,7cb79dd6-f45c-48f0-a295-5fd7862d4a76,2.386675,340.559819,931.142151,2025-08-02
550611a2-03af-4a18-978a-0a8c26bcaba0,73adfc46-8204-4bad-9d20-546407ef6fad,1.666558,376.023310,1656.178241,2025-06-27
1c45a97a-a865-4fcd-9ddc-8ea127ca083f,5ec6f8d7-f0cd-4f64-8551-cf08d850cdd7,4.661273,225.612011,989.282434,2025-09-23
5dff558f-01fe-44dc-865f-7dcbb6c639e3,068d2f78-7ccb-4920-afba-acca05f9d421,3.437162,191.751404,1275.382247,2025-07-12
af36e764-3825-47d3-a90b-743cda4f9aeb,3d00e313-dbc6-4a69-81ab-ba9a9dff9444,4.322582,476.425187,1396.860522,2025-07-18
6406b029-a49b-45e6-908b-7db23fdf7592,b7969270-a9d7-4a7f-883b-11102230f18a,1.029874,427.244607,1242.310468,2025-11-05
cd872f5b-d159-4191-ac85-7243c8dd9887,b619da4e-69b7-49c4-b363-f1a7822d8c97,0.864010,12.382006,1489.863851,2025-02-17
32ad3a94-bca6-4189-a882-1bcd7422ba91,6f6b9cd3-5a6f-4ed9-b513-28ff6dc03d4b,4.210595,434.879103,1523.159299,2025-10-09
ffce0a64-f95a-425a-b2ac-5ebc9ddca921,0deebe7f-9b45-457e-9d84-ce0542405347,3.815771,198.649479,1173.493297,2025-11-15
50360d4c-f11b-46ae-9d8c-bf5d44de3142,8e12184d-c7ad-43b8-b8f7-0228aebd7b80,1.132101,178.542059,1191.978286,2025-01-01
8d09a5a1-34d3-4fab-8bf5-eda7682ba5a9,240deb5d-accc-4db3-a6dd-a7c27261be05,4.029433,476.969362,1235.266182,2025-05-26
669d9f4e-ab41-43e2-b1d5-96cf397f6366,d11bb03d-fa55-4c8d-819b-ae92a3d52a71,3.195764,413.693463,1428.538405,2025-02-18
26ab2104-d0d8-4912-ad82-c2a9f9f5c3ad,93f1c69d-b5cc-455b-9eb5-37d2cb7ebe61,1.193188,72.621814,1336.737879,2025-04-02
dee1f64c-9766-4eb2-b9fb-4c3d131a565f,565446ac-b34d-4814-a798-613b403a65e5,2.409831,388.663928,1028.234586,2025-10-28
45559670-e4ec-4581-9c20-fe67fca95330,6dae6bc7-3e0b-4b21-8907-bfaa5e8e36fe,0.372649,265.521596,1273.408678,2025-01-19
172863d9-da9b-4e2d-819c-5e614cb4e547,738d8f4c-d68a-4c8e-93c0-43dca9525111,3.708104,483.414970,1287.165952,2025-11-30
4166b32b-13ea-4709-a5c8-b7f74f5a1416,289aa211-d522-4af5-b259-070e1addefe6,3.674020,181.639257,1490.6752,2025-04-14
8880879c-0b0e-493a-aecd-3d88e9299f71,a10b3391-8f83-4fe0-9552-a59583af173a,4.281255,229.047499,1173.418179,2025-01-01
b9c48327-82b7-4e40-a3fc-eae513299724,73df1238-e236-42d9-bcef-60b2ce5859ae,2.061845,5182.120477,1695.043124,2025-03-23
0238d690-f273-4a02-9c59-0260c82e88e0,634e5c37-ca72-400c-b4dc-265bc4267876,0.353758,211.456297,1029.99583,2025-09-17
2ec1eca1-f175-47c4-94ba-3cf18e3f25b2,05b1beb5-dbc2-4718-bf64-6e7b92fcc46e,4.649546,189.795169,915.396814,2025-10-27
e677fff9-0350-4d86-85aa-fe317a0affe7,88f98963-92ff-4dbb-937b-aa4b4735ea40,3.857952,118.159039,1508.505742,2025-03-05
0c8ecd33-f45e-443c-9deb-d9a8e0b24372,7b528c4a-aa25-46ba-8fce-3a1491ed6026,3.455956,352.760555,1426.773392,2025-01-30
23da610c-55cb-46ca-b388-27c0e0b53bd1,01eb0e86-84c0-44ac-a649-62e0c4febec9,1.020023,442.746341,1558.46514,2025-01-18
9fc7654e-6b0f-46d4-b2cd-23e4bb1eca61,453cb5f6-3c95-444c-ab81-68f452d07b82,4.994773,75.151769,1029.929443,2025-12-07
677a7c3a-0d04-4aa6-bdb6-edbefc4d3028,07d3f438-6ae3-4a92-9acd-88a3b703f662,0.694925,60.038579,1070.735254,2025-09-05
a874ce59-b50c-406f-846f-d81962f58255,ad2d75c0-5886-451a-b12c-84edb70aaba7,1.767624,235.391927,1330.222965,2025-02-28
72802b6a-3595-40bc-a819-b675a459b142,f457ea24-cd25-453b-8a35-13ca2d63cbfa,1.686339,26.235949,1498.614484,2025-08-21
4be4dca3-7b93-4b4c-9fbb-57ef4e13c274,837e71f6-dd3e-4520-8e42-1aed8976c9aa,3.815184,379.336170,1356.575249,2025-03-10
e795cd9c-b44f-4ba7-9882-b903a55158d6,5b23c90f-d111-4601-8378-c3384b0fdcb7,1.725877,144.693068,1805.974445,2025-11-26
eb5c5be5-3be8-4d3a-8e53-11d3ea0947f8,94417b92-1629-4b21-86b2-296257d0fbaa,0.878339,116.469618,1457.670997,2025-08-09
df9fc8c0-d658-4466-b3a0-22712296f72b,0a4b32f0-7196-4fe9-b6f1-e2618d7260e9,3.520953,351.203626,1228.128314,2025-03-26
0171a207-b989-44f6-8a60-c896aca8a12d,b1027089-5d50-4dea-a814-7b73996a1d9c,1.029963,37.499739,1285.023704,2025-07-03
6f130438-941c-4647-b730-bdc8ea00414e,81929acc-8d69-44b1-b273-dfd0c16236c0,0.817981,416.068166,1147.406847,2025-03-22
a616ee0e-e6b4-4e37-a739-b0101041616e,d1d9a101-b384-4659-a465-6ebc1ea58b87,2.562579,130.128923,918.431966,2025-07-25
ce74b159-15c9-46d8-b30f-fe04ea113c12,d8c35783-103f-4234-af74-21138922f367,1.617614,266.022104,1077.701137,2025-09-16
f7a962fc-1188-473d-9179-efeece6717cd,eacd2b7a-6fae-455d-8fd1-5c4efd5a6a77,4.744240,246.864111,1532.19765,2025-08-25
2648cf87-da5a-49f2-9c2e-8c41dbfc3f73,91dd628c-c6f7-4d28-925d-4aa11df155d2,0.999716,283.033362,1288.9426660000001,2025-01-06
8ee719c4-635f-43b3-99cc-603ea1c41421,3467067b-57b1-4747-8951-4bee91bd6f54,4.096666,428.358942,1822.095409,2025-03-04
649e80a3-0189-4255-95cb-43173edd188d,c24c7688-d172-4632-886e-76a2d77867ff,0.714170,15254.546820,1601.831209,2025-09-10
136ff377-4a8b-4d5a-9798-72ba812236d9,f1593035-6193-4879-a940-48c27b3c1d5b,3.306699,68.148491,1012.006177,2025-10-20
58e24882-50c5-4612-84f2-8a62cdc34c4c,a17e2af5-ec0d-4b83-882a-ba0bf37923de,1.529021,360.989854,1354.293391,2025-09-21
39274110-2a8a-4999-8c94-155be5197fbd,518ee28e-89a9-4b89-a486-ad22b01fb539,0.231967,465.518143,1580.228213,2025-05-06
3bb8a9de-4389-4dd6-8dc6-556535694cce,c823b5fc-0c9d-42eb-9321-98bc8093284c,0.885506,442.527595,1062.648789,2025-04-17
2509e38e-9569-4ed9-a529-4977210833b3,12fffeae-7097-4452-a3b7-87186fe8f2d8,3.982131,471.020266,1105.069083,2025-12-05
62cade48-a7b0-4895-a777-8ba23771ad54,0fb7796c-ca17-4a20-88e2-893ad3d8ca46,3.299504,385.722898,1506.271657,2025-12-01
22bb9121-5bd2-42be-9b10-a3a9458c6bd1,487a6d20-4f0e-4cba-b0a7-f1d311306ae4,3.669364,283.676584,1421.960186,2025-11-22
b1f52782-9c2d-4b97-89b0-695b81552e9d,92e78764-5ad6-41ed-b032-08e0a8c2abe1,0.259757,169.702514,1441.683656,2025-04-21
aee47db8-78a3-4056-93ce-ab91f7d1ab0f,614d9602-3cf2-4406-a49d-20b8c99a81b4,3.811449,482.383149,1393.5894720000001,2025-02-24
d4588506-ef10-41bf-ac01-24df1f3caa43,a212be51-3109-428f-8c60-af66fb44179b,3.924701,349.683525,1499.882366,2025-03-06
90b44824-0948-4f4d-b7c1-c8c38287bdcc,de3d47bd-4b1d-4800-becc-e84c66ba422d,4.865753,156.322657,1207.634492,2025-11-18
5c3afc31-720f-4319-abba-c9c74d0c2915,cc7cbca4-5264-490b-955f-e791e937877b,4.694225,476.731501,1357.267181,2025-11-06
26a8db90-9453-49f6-bc51-2ef772ddb887,49576510-1780-4648-9b67-a0ce067fbb34,2.714752,145.406937,1332.725169,2025-07-12
54846ce4-9a31-4524-b3d6-bc99eb46ab03,aab6d197-faf8-4c08-bc08-3e3734194670,4.104723,12598.276307,1079.85402,2025-01-18
1776b253-d263-4c77-aead-3a1a9204b18f,65503d40-422d-4ba3-b167-fa0e4d6cafa6,1.487968,245.166003,1178.565733,2025-05-02
7014e6d9-f897-4cdb-a43a-43a2cfa90a08,be022a6a-f229-4cc6-b675-58070337d19e,3.360425,81.046039,1182.906696,2025-10-31
b5ce73da-a0eb-4358-ae95-d7553e16639c,00ba07ed-7edd-45f8-95e9-d235dfa9a57c,4.915568,348.880309,1547.305554,2025-07-26
664b4dc4-a64f-486f-a922-feffd04dd9ba,a886d8fc-7263-4e77-adcd-6bc7be452356,1.272979,387.128325,1321.0102140000001,2025-04-20
6e0a993c-a823-4188-8e3e-130932713668,7e8a0184-a8e7-4305-89f1-a00daaa5f114,2.043904,12.317815,1613.964766,2025-10-29
f0c010b7-54db-4aa6-a848-c3b1145042c8,627f6acf-c100-46e6-a499-34822062e88f,1.397578,23.019938,1208.986426,2025-06-29
de6f0bb4-be78-4202-b6c6-613f8007c9a9,40af94b8-3a0f-41a9-9d88-bdd17545506c,2.987405,442.677963,1444.767364,2025-04-10
0a75c64e-d3b8-4c8a-8d84-294d0b5acff7,48937b3d-8ac0-4491-ada0-a2fc94b4c737,3.957346,373.173180,1317.0306839999998,2025-04-13
17e53ab4-c0c7-4791-b14d-5cb25a53f10e,734fb4df-19e1-44c2-8b7e-0d68cd4539a6,0.210165,331.422433,1014.290978,2025-12-06
7285ebab-602d-4df9-bd94-fb5331956656,e2b4ae0b-da9b-4367-b0c6-f0d767e98e89,1.649495,164.271763,922.658621,2025-02-18
37c43fb6-e7b9-422a-9433-053499de1f01,609249aa-b413-4eee-86f2-e1bf6dd67bce,4.895219,357.835512,1480.962999,2025-11-23
f1ae5834-deb9-4142-8460-fcf88789b04b,f6281928-888b-4d08-9323-b9fb7c95800b,1.537906,44.408427,1268.46624,2025-11-06
c98eb493-9cb7-493c-bcf9-dd369605605a,99a0a515-0600-4766-ba62-d5d4f39f2f52,2.668990,87.068945,1242.57365,2025-01-26
8594bb86-5fd3-4d8b-a09c-eefa454150d6,2c19da72-d4ed-4a44-8b63-af23c119290e,4.923472,1943.553311,1417.744017,2025-11-09
af7ca7ab-cb54-46aa-a55c-e3ffc01bf2ee,16deb74f-563e-493d-863d-8e2914dbe25c,1.543066,121.889436,1296.720695,2025-12-04
0f6ef69e-aaab-42c5-be2c-a18746eebaa6,4725f96e-44b9-47a2-bec9-34f7a49f99f4,2.081114,338.300711,1232.118381,2025-01-15
1827a5dc-daa8-4f1d-b050-494782db8405,2a6c0be5-a80b-4c46-9f93-c0e6a430e18d,1.870799,266.927861,1161.367151,2025-03-05
27a1b69c-098a-4096-bdda-1619dc5a9747,26d5cbc4-e71d-4892-93db-758122031044,4.505587,457.291072,1541.375463,2025-02-21
8be454e2-81fd-4776-bef7-5f2df9933fee,7eb13663-9b74-4211-a500-0b803cb60112,0.003768,400.287093,1193.3981410000001,2025-01-15
e9d79fb0-92ff-4f58-9a93-70787cdac479,8f612011-aea7-4f1e-8ba5-9e4f20ad4d0b,3.505130,127.933249,1128.216801,2025-02-09
aa782957-8f2f-4789-81c0-c6d507590982,2913ddca-bc57-4523-addd-7bb17c21bceb,0.897962,419.996567,1281.112744,2025-12-15
67d09744-3ca7-43e1-aa1d-98e9b68eb154,bd8fe670-338a-4624-8df9-05ddffbbf165,0.729053,383.980864,1181.650263,2025-09-16
bef2a409-9a01-49ee-862a-8ac51b5b40ac,c5988bc4-9b64-4dcd-95c2-f9454df1115f,4.795433,122.660981,1444.186974,2025-09-22
1dc55474-a20b-4571-af23-fe7b2e10557d,20ad709e-0b17-49af-b9c5-6848c46ff2e8,2.131497,8.460532,1482.958903,2025-07-21
4563173b-3252-48f3-a890-05fe9140c907,b715f76b-9189-43c8-ba88-127f99e64d80,0.636519,36.454749,1426.606209,2025-08-05
30828474-af1d-4e0f-9bb3-b19f232fea08,686eb50b-f858-4875-8d1f-c3a19527b906,0.281633,178.656812,1626.089534,2025-07-02
3fab9cd6-06f3-4f48-82f1-1c57a9d31615,4b1a8800-ccc1-4481-a277-0652f97e0834,0.269711,74.973697,1486.096977,2025-12-28
e09bfd12-b11c-4bd6-ac39-637408f76a54,274ce46f-130c-43f2-84ee-30702886e19b,0.157786,115.795997,1100.177928,2025-09-27
d678276e-65c5-44e1-a5f7-387af11a92ec,459c8cf7-7dba-4cac-b45d-edf0bf15349f,4.476858,97.468260,1196.448853,2025-10-02
69eeac2f-56e8-4b67-b2d5-cd0d652a12c6,fe5547c8-4185-4b36-9501-592960e4002e,0.161783,18979.196144,1033.826118,2025-09-02
d1c985ff-c4e2-4052-bbee-9894f872475c,4ed1fa87-eccc-45bd-ba56-c33054de7259,2.554046,469.264755,1574.354661,2025-02-28
346dbd20-2377-42dd-8d73-c1853aac6c21,bd1eb4d1-21fa-4cb6-a506-6108842934a7,3.700663,288.439081,1441.4307450000001,2025-12-19
d4bf3436-c5cd-4b32-a39e-963bca1ecef5,72aa43d2-6522-4910-a1a0-cb1047e54c84,2.924257,29.420574,1007.535637,2025-05-06
f337c120-a56b-4708-a385-3922ad20ce90,aa515392-8d2f-4297-99b8-0fe1e3d2516a,1.828436,470.385722,1412.477991,2025-01-19
b8265fbb-2d1e-4aae-86de-b8fd9fec17c9,0297a46d-9a70-4bab-a3c1-47dd379d5bc9,2.535419,155.803909,1187.372329,2025-01-11
80acd4d7-0064-43c5-a764-348dfced15c4,7773e811-dffd-49dc-b007-bdfc3f2911df,3.746031,259.051589,1145.592062,2025-03-28
75f99159-f745-4fa9-ad37-2863c62fdaef,51f7b404-b5a8-40c1-8dcd-7a1536564068,4.766273,218.446114,1054.43892,2025-03-19
46ad2b90-4115-472e-9a30-c126dedb88a6,b61fb09e-24ba-4e07-a163-72d17d11c6ae,3.330205,374.644373,942.432066,2025-11-24
00a109b6-265b-4ab1-9cef-3454c0602f4e,6a388e4a-0513-4739-a8d3-bc3273576b7d,3.890190,291.546389,1597.221015,2025-10-30
a6e43930-52d4-4800-bebb-16fd89520c00,50be6668-a09f-4d2f-afad-27ad62c20559,4.164666,484.421819,1016.670342,2025-07-14
7b501bbd-f243-4b6a-b457-4783dc70242d,cde53d8a-255f-4081-bbde-39da479f54ea,4.510661,206.739529,1430.4960859999999,2025-03-09
e4a9c4ce-e29c-4697-b4db-520a60026024,c90e284e-0c0c-4d34-b61e-db5ce2b82603,0.788146,93.973178,1456.628492,2025-12-05
72f69f7c-13b5-4c64-8a60-2e1bea03d0e8,f8883c5e-9750-4217-aae6-4410d84a894f,0.314213,51041.920164,1109.563403,2025-11-06
9152ab99-31dc-4f9b-820d-ff7970af26a3,4dc4bd78-78d1-41c8-b05e-cb79b3a0ca9e,3.245761,450.975959,931.0161870000001,2025-10-13
5c612270-ffb3-4702-ae5f-b3505702160d,baa047c1-af8c-4281-a64b-e9017106a6be,1.366671,327.129690,1039.464184,2025-01-15
6d74a91a-9ae5-443b-9c1f-85e36089f64a,12fbe693-611b-4597-9921-b65bf8fcdd11,2.741713,22.720018,1173.344597,2025-01-08
cc291866-d0e7-4778-a349-86058555a30b,d4dcf2e3-b04d-41ea-84d1-7edddea5422e,0.976676,354.844531,1376.979722,2025-10-01
52b4d848-b766-41ed-8bdd-c72350561680,fc12936b-dc2f-48ab-9b2b-6411eebe02bd,0.423838,91.704009,1435.405573,2025-02-24
be9edb62-cba8-45c0-a19e-9ccec76297d5,20fc3b09-2b32-4665-93ae-10cced85b7ec,3.890431,67.849381,1545.052365,2025-01-09
1ddd9558-896d-4d60-8cea-3d5d69ba3ee8,6320e4ec-3374-42fd-bf97-975b626458c4,4.017535,179.841757,1122.863976,2025-09-25
924e9e7d-c295-42d8-a438-be23732f19c8,e02d488b-3d32-48e0-bccb-83cb767a32a3,2.683343,1.873306,995.4453110000001,2025-03-07
7947c94a-a5ee-47b6-b3e6-79c89809a6dc,965c9b77-ea38-4bd1-8eef-dbb3ffae4448,1.670408,392.414147,1214.388845,2025-04-14
3e1d211f-4c2a-42bd-b5eb-84c4a773ef9f,8cf00dff-facb-4f5b-8627-e1dd4e8bf3f9,3.058203,75.784753,1622.260909,2025-09-23
e3f61bf7-e3e1-4f88-821f-b20e07aa9019,b0a3925f-fe13-4906-930f-588da770385e,1.508647,184.201553,1110.161853,2025-08-22
909cea52-d3e7-4308-8592-cf9d3f50c7ee,5262f4aa-84c3-43ed-a48a-51696ee3b10b,4.742992,307.925706,1256.193302,2025-09-01
deca654a-e3e1-4591-8f6e-4708b3295aa6,dd3cc4db-745a-4d6e-9a31-308504cf05ce,2.242601,479.741332,1108.664704,2025-03-02
93281bab-84a8-4775-80e2-7e2f2c567d80,a9495d5a-74c7-44cb-8004-06eaaa315edb,0.121826,235.131093,1301.328379,2025-04-01
768f3d35-60e3-4746-addb-5a83c3fdbacc,15c9eb97-f9ed-440b-afd9-c087ab1fab73,0.062959,218.127380,1333.297349,2025-10-07
ef68175e-c2ee-408d-9db1-20e9dd8bd00f,0ee66d3f-6e99-40f3-a875-9e974dc68687,0.417808,297.094753,814.361083,2025-08-14
3acf317b-6ef0-419e-a31d-2359a5e0dc69,5e925bfe-c3da-4177-befb-fce1d44ebe1b,1.004327,13.252989,664.421407,2025-12-04
f30b6c93-d218-4946-ab83-69ef6fe3a20f,d4ff0bdd-1c19-4089-a5dc-76ccc0f717ad,2.594637,111.329912,1448.135199,2025-01-09
012dfa9b-b126-4c89-9cac-16602858120e,b91828bb-6f91-49c3-b5a9-9fd7b1d2632a,1.222411,493.378058,1293.523678,2025-12-04
fe7f4764-e924-4ae2-89e3-3822058781c9,3dba2507-cbd7-4725-805f-dd2f44c64a73,3.785688,388.849297,1151.554219,2025-11-03
75ac1dbd-6cae-46b9-81fd-bc8c830350cd,b128fda9-86f6-4f7e-b69f-0b7cac599a08,0.917091,218.793891,1475.01167,2025-11-02
a2db5a96-a587-4464-baf0-cdae0345a9a1,d445759a-90dc-442c-a511-c7ce7aa1e811,3.844101,6059.020232,1477.514811,2025-02-14
8a562bf4-cf6c-46d1-8a84-604ed5b5e22e,33d3aa1e-8593-4518-b60d-23a07bf564cb,3.501359,37943.050563,1002.0599090000001,2025-06-28
bd5e63d8-0dff-40d6-8417-b44932afa053,28d69386-c643-4328-8bb4-1dcc091de152,3.779089,429.241183,1327.782445,2025-11-02
78124b9b-aa4d-46e9-bf92-61d74d747bd0,0dfdf970-9734-4f50-86e0-7657c8e2a1ee,2.850202,43.114699,1460.11995,2025-10-28
6de21470-16c0-438a-9ec5-d32b1e334dc0,1a42e64b-1180-4c20-8235-8cfeb7a42012,0.792054,91.806364,1102.804314,2025-01-16
5c785769-c1bc-4c97-a1d8-9a10fb3d4711,9c056504-e153-41ff-8eeb-f36bae4374bc,0.554387,53.118168,911.879969,2025-08-16
f0bcbcde-da35-48fb-a734-db5b724a22e5,d980fbb8-4ce6-47e0-8a1c-3ee91816dd46,0.698086,210.524810,970.578782,2025-02-22
7b950dbd-3917-48d9-b912-038ee25a1f63,ca9e950c-4ec3-4f7c-9b88-bebabba35758,0.412454,129.457253,1103.976148,2025-02-18
b41df0cb-577b-40c3-bc19-b4d2d2013abe,d1626ea4-cecc-43d0-a301-d8b6513c2d5e,2.126601,62.081501,1639.079071,2025-05-19
6fc774e7-7e50-4c38-a04c-68f276b16b6f,f78fa6ec-5684-4293-8081-7c0a812af6da,0.928948,323.619445,1200.109112,2025-04-10
68381c49-a52c-4a49-93ba-77ec07e89b55,28ccef1a-5dfd-4be1-b647-beeb53e9bec0,0.156126,43.653698,1272.231383,2025-03-01
410427fd-c550-475b-b374-06ef91122e94,fec55eec-eb24-492a-aaf5-eead84071dc9,0.854818,372.557813,1158.442216,2025-11-25
71ea96b3-5657-443f-854b-070d0d29faa2,fc15ddf8-d693-483b-9ba3-dda5500d04da,0.760867,185.730160,1426.7522490000001,2025-02-03
47316b0f-00c4-4c1b-99ba-472ba7396b55,c901ac19-128f-4baf-8022-05c7bad653ac,2.965062,382.265532,1857.061103,2025-10-04
ae582ce4-8ed3-4735-8765-f5e35f7e3ca5,4bd75892-b965-45c1-8a0e-df6b666fbb0a,4.901932,246.402864,1246.406315,2025-01-18
9e19992d-d4c7-4a2e-9a1c-46119ff3be64,ac625e0a-d434-4358-923d-d7a667630a30,2.991326,12856.227795,1129.046399,2025-12-27
141cb411-9d92-49f9-847e-f0d85b3e475a,fe480321-5d07-4a65-abc4-0b6d6cdaf1be,4.281828,123.065989,1050.3615869999999,2025-04-12
5b8d9947-a6b1-4a06-8569-19e61929b7e7,6963c3b4-11c1-4adc-87d4-958a621b56a1,4.999709,283.046352,1746.025499,2025-08-18
11ab281a-3bd5-4511-bc5f-a1c5995ab42b,15ef462f-a46e-42c7-bf88-73ca454cf9d4,4.801707,53.837707,1458.408684,2025-10-13
50c92769-8bb0-4b27-96e6-d848cb2ef42c,9062ce08-3e2e-47ae-a356-bca96e863e31,1.128129,193.555522,868.7419649999999,2025-01-09
f196c717-4d91-427b-8fd2-2741907e03b6,549e5cab-6220-4fd0-945f-bbca9dae1981,2.096889,316.776074,1232.259269,2025-09-01
ef2b4aca-1b24-4da6-9b50-7bfd21abc290,814f79b4-1db7-4e58-a82a-45fe12fe32e0,0.178791,319.359756,1203.563737,2025-08-04
825fb7b7-8d9c-45e3-9d00-33492f21256e,be66f7cb-4bff-48ad-9ed1-6f20192d1ae4,2.519118,75.873967,1272.148705,2025-10-11
317499b2-961a-42dc-a8f5-e07ab6b28cca,11ce0094-99b7-4d75-82ae-739e2319a2e9,4.138154,495.945993,1226.108359,2025-12-19
f20a369b-2da6-467b-8978-f64d1632f9c5,54ec7327-5170-427a-a4e9-1c9002ca0e4e,3.695719,351.309100,908.8011220000001,2025-11-18
f4d85d6c-55e0-4745-bcf9-d7d4e469c595,7c78f107-3206-44b0-b5d2-31eb43b40c28,1.781313,364.165984,1637.407255,2025-05-24
ea1e340c-8190-40e7-a523-cd35c2f9284a,545b9997-78ce-4963-ac7a-5a9e878286ed,2.935294,91.525811,1630.6039309999999,2025-08-08
d1a86783-49db-45f3-9378-17c10f9ba8c5,fa41d0f3-4609-417c-a6f7-c92cef3289c6,1.304058,77.176198,1739.240282,2025-11-27
9eb67a9e-30f2-4d93-9493-7ccd8db9a588,26986a56-5734-4989-97a0-6bf4455cec5a,4.368503,383.380391,1121.578549,2025-03-15
2a7cdff7-983d-4b3e-8120-3bf8e45a144c,e1608816-e74f-4ad6-ab05-951a5d9249b7,4.849719,239.043653,1420.527638,2025-04-09
4a2c31b1-b1bd-4104-a538-9d7c5519cf8d,e923831c-82bc-4479-bc2f-2b25e1cbcaab,4.242437,32.325229,1386.1622849999999,2025-10-25
1fdc2fa5-ef4a-4d90-8d13-0fee416b7d53,8d12daab-e078-4ff4-a9a1-d4402e4c5eec,0.817282,238.803387,1301.082415,2025-10-07
24a8e0cb-b2d3-46c1-bb53-e30d410f9a16,df1bdd53-6ebf-48f1-b8c5-71c958113c81,1.092228,174.124538,1397.73309,2025-02-20
b88cd03d-9125-44e4-83f5-1a6f57f03fbf,f6c41097-efe3-427f-b95e-faf10912c647,4.071011,135.487681,1325.3773410000001,2025-03-25
11145b1b-bfab-4c18-a79c-adac20d84582,9ad40b98-4db4-42b3-a7f8-e6ad08b2c0d8,0.083053,383.524446,1331.390953,2025-04-12
534b915c-4da5-42f9-a0d6-943d73fb9ee1,8ee34413-b9bc-4311-a309-458a5b22301f,0.337236,268.187534,963.320495,2025-01-08
bc02557e-1c27-46b5-b2b9-b09e72403bc7,9cabbafc-0aec-489f-be52-f83cc57c8eab,3.115244,135.485337,1616.661672,2025-03-09
5d991416-22e6-4520-b175-ae01dab74ca0,b81bd30b-9416-40d5-b79f-4f5c1ec8c0c5,3.381759,8.155337,1359.024716,2025-06-24
a8aeb71f-2c38-400d-bd60-c53b950481ba,b553bfe4-49f3-4a3e-bb8d-e2c5e4e0df81,0.669966,148.663168,1159.67113,2025-11-13
d183076f-df9a-4d1c-a238-d577e8a8b469,c34a56d2-17d5-42d2-988d-f384ede06945,1.780523,448.142511,1282.291821,2025-04-17
2d2fc19f-d9bf-490e-94f2-8eb56a23abcc,03914324-76e5-444b-9d9d-79e41e815ba2,2.325096,219.842736,1749.677426,2025-02-20
ce8d7124-51e7-4e37-aa81-612c1649a832,ca38b4ae-7020-4a3e-8ffb-0c39dfd41c09,4.962384,378.802449,1239.883361,2025-06-12
0d11d761-baca-40c1-901f-7e45ee626aa3,9c319944-1dd4-42bb-bc5a-4d4cac5c5f89,3.024382,493.262452,918.769575,2025-06-21
525512d5-0999-4638-8c1e-c06e2155af9d,f9bcc132-7a1a-4e65-ad62-52cabbdeb1a4,1.495470,24669.304244,1862.120018,2025-06-12
ad85bcbb-cef4-4bc5-a7dc-fc9f9ff35b85,a631461b-236b-47da-adee-4f7cf80d93d6,4.719573,311.097914,1151.129308,2025-11-18
09759b88-af85-4dd4-8439-133db76aed85,ba9f4205-f817-4d93-90f6-46be1a659345,3.786962,297.403439,1363.600921,2025-04-21
37dfd3e1-0d37-4f92-86a6-acd40a8c5653,f52e98f7-9697-4fc4-a14a-f518756efdc9,1.956040,251.557111,1354.255443,2025-10-04
ed2dd261-2dd6-4604-b883-6e58ee327c55,75c68d2a-42a4-43c0-a717-724e441fd1b5,0.163781,443.312953,1335.34346,2025-04-24
03e99346-7074-49dd-a417-7587d091d093,18dca458-f848-469e-911e-f109687c05e1,1.037876,435.367632,1449.073052,2025-02-22
173686cb-4e34-41f0-9850-3fe30a3f3bad,f7e0430a-2db6-46ec-a435-f3e82fe496f6,4.413906,290.808543,1322.098622,2025-12-05
201844a2-b298-4f72-876c-bb1175cf7b7a,bded6c8b-bd90-4abc-9394-a6306ff4605e,1.415297,162.040564,1018.72558,2025-10-04
d21675ea-9630-43b6-bfd8-5700c947cd98,339244e6-fbbc-4960-95ad-e1f50388a349,1.169829,256.944879,1331.3295170000001,2025-11-19
474b55ad-36be-43c3-bbb1-29792b6aa6a2,2fbca16e-a245-49f3-add0-3282cb30d202,1.920499,124.508963,1288.295412,2025-09-13
dfa1efe0-d74c-4148-bd73-1016c71e8aab,b27f349f-3f44-4d26-b5e9-69ae1281584a,3.097228,55.326800,1219.580945,2025-03-24
e92bb5fa-fa94-4830-a72a-984e121a26dd,0dd6b99a-318f-4143-9aa3-514af767bedb,4.264221,209.706585,1488.819289,2025-02-19
bd9a60a9-6fdd-4401-9af1-79b4a50b3c47,ccf23c36-6d96-417f-9b91-f7f803017512,1.004083,15049.460967,1495.2225760000001,2025-08-08
eac8a994-2861-409b-a323-66772ba46103,347b398b-a3ea-44a7-ae49-cf062bac4c9e,1.069376,13726.898303,1016.351357,2025-03-14
fca7e432-7272-4d13-9967-38a19396d3ac,86c74a99-5aa7-4d64-8fc2-8d4bd14be872,4.984260,374.603413,1254.004826,2025-11-02
b6a2c0f4-b99d-440c-9978-6ebbc801717e,888c5dfa-e88c-4aff-8d98-8b8c8c8035b6,3.786558,113.345981,1363.043889,2025-05-24
4988513e-8e6b-41ee-8366-2762bab23d75,33deaa80-6fdf-4f4d-927b-7b18905bdbb7,1.290219,443.205398,1139.5625929999999,2025-12-24
f21f646a-2065-4336-81e0-b73f7f3a7eb3,cb781df6-7bfc-4fc5-a217-ce0fb1ef6014,2.797352,357.399162,1134.364894,2025-06-02
0a3b0b9c-54af-460f-968c-387b15f78ce4,8bc18a22-d79a-482a-bba5-1f15beb67293,0.959158,136.222247,928.5382040000001,2025-03-01
23cc1a89-7928-4311-88c7-fc5af0fe8744,ae01f6ff-d2fd-46aa-838a-87b371212e2c,3.541316,139.404299,1538.803604,2025-10-13
a899410c-60fc-40ee-a765-1306ae8865de,f6f6ad8c-46e2-471c-9741-b7e2b5ddedd7,1.609196,40.004501,1288.663777,2025-10-20
9a1e7d56-2726-43e3-8401-a814229e0620,fd8878a0-6007-40ac-b640-f458e915953e,3.838971,218.480287,1066.943791,2025-12-27
49f21c50-a2cc-495f-9133-12be09124cc1,271c06a7-98ae-49e8-9f9f-dd1b40cb7ae2,3.092844,271.188071,1621.497535,2025-05-15
89660f16-589f-444c-be1d-045741a909c8,418e438f-e526-4829-a1bb-10ca7d8d0804,1.778822,275.274562,1356.1978550000001,2025-01-06
77d7a52f-0461-417d-a2c4-9db5a25d6b7c,f5d07774-4159-4049-bfc0-e3cb01f6b8af,1.645382,341.921846,1377.521975,2025-07-11
2a341800-721d-42ac-95b7-25fbeb3147b3,c39f6bec-ce9f-4191-a409-1a56dc27a39b,1.768061,331.041290,1205.333835,2025-09-18
3c1dfe47-46f6-45ad-9739-64860e151cef,f65d127d-ece6-4372-86e5-16481dc912f4,3.614154,111.990522,1595.44882,2025-06-17
2dc5c781-08b6-406f-9c4c-4831ab902d51,8d002ad9-ebcd-490a-99cb-2b781a05bc3b,1.301341,197.801609,1381.04844,2025-06-23
5a9dbc66-52b5-43d9-888d-4f0d0e85b9f9,560d1260-b200-4e79-b4bc-445328ebcd00,2.677572,427.812990,1381.59058,2025-09-30
aca6dfee-d3af-4fb2-84a4-f62f0355c58b,c2dc9685-a1b0-47a4-ab46-10a4a418b3cc,0.268091,17.726246,1354.2006139999999,2025-08-11
fc54bafb-355d-4bc7-bab1-a66d8174f8b3,a3f21d58-2f10-4e9e-a24b-3aade67c3191,0.686828,233.034230,1495.156504,2025-10-09
a61335fc-41ed-45d5-83ae-8b3348e838fa,93a9930e-aecf-449e-bcf2-01124ba68781,3.790112,141.038486,1397.419862,2025-08-20
f0789aef-3f15-48c4-be99-58e63ec00dfc,a802641c-0bf5-48ea-8bed-ccf4db01b7f8,0.561249,297.470955,1221.595868,2025-01-27
8d048f14-d8f6-4fb2-a109-ce622685ec21,f4cfb75b-e20a-40c2-abf7-87dd1f463f53,1.264310,426.735678,1364.067041,2025-03-10
b0a6faf3-de9d-42bd-a923-806e40379d54,b9e79c04-3c7a-495c-bfa0-47155411e53a,1.357976,260.336590,1563.984664,2025-12-07
6363bcd3-7b99-4086-a932-9a376574e101,495f1049-cb2f-4bb6-8688-e32960bc6342,1.818445,385.752159,2010.233378,2025-01-05
a4913f17-891f-41b2-85e4-7bef4e80eca0,e9e1ec18-db00-4cfb-9fa7-432edff570c5,1.164909,8.014706,1325.6457130000001,2025-04-07
57acb545-d776-4921-a183-4d9526c378d1,ad8bf4fd-59a8-4bd9-86a4-0782d0fa17ac,2.893771,493.040263,1358.4555560000001,2025-09-02
e3a1f2db-a2fe-46d3-bb13-d8ea93beeb1d,3eb863e2-7fcb-4b39-8332-f88446406cce,2.938574,60.861954,1079.491539,2025-08-22
f3d235d7-a4ba-4f54-9e62-a9d3f2dc7bbe,5625b3a2-08d9-46a4-a6a9-77b6d4975957,2.193720,35157.899731,1407.9480429999999,2025-09-14
a5aa6d9c-acf6-4f8a-99bd-ee6205e93032,a31c1e68-8da1-4984-a663-867ced7d80dd,4.457868,18.708890,1594.822309,2025-10-24
48b036d1-52a2-4f82-9b9f-279bbc6bb359,a7ee4ee2-7747-41dd-8c5e-5f3b4f7aa023,2.997377,351.170351,1395.629432,2025-06-20
11f1d8be-0273-42b5-b498-e8bec5ec9580,8924f6f7-2f78-4b82-8a8e-bbea32308894,1.626276,258.011129,1290.633325,2025-03-25
d5891644-7455-4fc9-8574-3d3533846a63,413d02e2-a2f0-41be-9ac7-a7c59a1dbdc7,3.878453,192.590302,1442.196004,2025-09-13
42a7e06b-90a7-44ee-9a90-6842d8c27c0e,98c35769-1fec-49e7-997d-3c850ff4b2e8,0.490390,133.633705,1083.228633,2025-10-14
63c3f8ff-9787-4758-9a49-4c1a9a47e566,e6d3e0cd-e7b0-4062-82d9-3c9ec018e6b4,1.757912,186.544313,1090.534599,2025-02-16
86cc9811-87a9-4610-ae30-f025765eab96,cb005d15-ea77-4c5c-b3ef-918f9452079d,3.361366,490.007528,1660.271381,2025-04-14
d5a6b321-9018-4594-813a-7c369b8aecbc,37602ee8-997d-452a-98ec-a44e4c0bf2d1,2.298582,31.332177,1406.317129,2025-03-05
6f397dbb-2ccf-4e3e-8126-68829524e023,fcdc7191-53bd-4807-8ed1-a1661dc66c4d,2.693001,18785.623740,1068.043601,2025-04-04
feca29d1-c5ad-4fcc-baaa-9d7fd9de3826,1cbefe4b-0392-46dc-a48c-f6a8673511e5,4.660095,181.980028,1217.355399,2025-12-04
b3268781-82ff-475a-9b86-175dc0e4f457,03657042-fe58-4218-9d0c-1b26e7cf8f44,3.569768,419.942807,1552.267676,2025-07-09
8c12f88f-cc8a-44ef-81c8-9e896efe5c59,e76a10d3-b42a-4dca-9349-62080f7f3681,3.212186,325.898307,1311.827739,2025-01-17
861cc2b1-1844-4042-b616-4afdbe25e1d8,cb440b00-1ef3-4e52-8e25-9e685c495504,3.862140,387.763953,1294.114843,2025-11-16
dd80164c-18cc-4ecf-8326-3986cd9e377e,33882e79-0032-4fa6-9e93-89eb8db1ffce,3.181628,291.844180,1486.432595,2025-08-25
17ab6fad-268a-4e99-9e07-e2bf0854d51e,81ef0e96-e1e1-486f-8a33-b6cb2a29c41f,1.688908,423.630905,1067.838144,2025-03-21
688c69a3-25f1-4a12-a954-1b8bcd4ea60b,8ef2f6c8-b9ee-418e-b4d3-06db0ad6ba99,0.453370,40.684782,1729.096881,2025-09-04
404d25a6-55bb-4e72-83fc-e1db29b3b0cb,7f4e51fa-47c4-469d-9b21-bc7dc8cc8263,2.779468,349.030733,1173.531592,2025-02-26
4eb68825-8134-457d-8a85-25dff3e72d58,55bba4d2-1c91-4bfd-ad91-b9d20817659f,1.436251,275.576148,1350.278953,2025-06-23
2e4c748d-8cf7-4aa4-b54b-8f6b67fc17c6,aefb607a-78ab-47c4-afd4-dec5461b7c53,4.672880,138.236593,1522.77052,2025-04-27
78ad4891-f15d-4dec-83c8-d06b22c2ef3f,b0d0901a-47f7-4bcc-822e-32c548ea6409,1.670560,150.687337,1546.065863,2025-11-25
ee6cced4-8d47-4846-8e40-35cf78711926,18597382-d4c7-4477-a8a6-70475e1eff22,4.120960,92.606813,1644.436598,2025-07-19
8bfca88e-7d33-4252-bed9-b68deabfcfa9,f3cd3b1c-0133-4578-9f85-d8ecc312263e,3.885189,336.349385,1293.8994089999999,2025-02-02
d67ac738-f45a-4787-aad3-a55938fa8c8f,8c7f6cde-3079-4bfa-b68b-2e2b5e343135,0.850851,268.967511,975.790745,2025-07-04
41984e39-fbda-4c4a-b4d3-08d10143e27f,b64a3902-94a5-4933-8218-36a8ac89fa4c,2.757658,53.091741,1061.491718,2025-02-26
f7175752-a295-4a23-ae19-da3cca4abe7f,81102036-cdeb-4bfd-85af-b9faf466f5b6,1.376269,472.631359,1506.601717,2025-05-12
2f0f4e50-cade-4850-9158-6be802f77eed,152ed58d-28e3-4895-98bb-9f595b69d2bb,4.150850,421.733161,1291.365769,2025-03-12
93ee31c0-e6a9-4930-a800-aa40676ca6a3,9d63c720-903f-46cb-bca0-06a6abb82a21,4.775600,75.315796,1696.523335,2025-03-21
8796a05b-6d13-4042-8d64-2660ddf74941,afab5a4a-239d-4339-bf18-132c55b987a7,3.371735,385.177442,1694.087406,2025-10-27
6bf01089-dfd7-4b58-b2c1-9b9942978f06,b918e1fd-ddfc-434a-be44-b31f7e72b6bd,2.544209,45.897807,1507.608316,2025-10-12
429751e0-2029-4645-86bd-bab33c50214f,f7e1d4b3-2464-4064-8209-ec0c01c894a6,3.744745,96.050475,1203.655625,2025-02-27
fb5c8a35-7716-4f14-afdf-5b11108057f1,d8909d34-db14-49b2-b4e3-cabdb23f806c,1.118405,125.731257,1526.083351,2025-10-02
79ac00c1-8c49-478f-97aa-baa3d8c24ee8,17d70046-ec62-430f-a5ff-9fc1dc5f3f97,1.684686,397.468005,998.804214,2025-12-23
fabf0177-2eb4-42d5-92d4-23306b5a3b51,efc2603c-bbb5-4b40-8f17-6e2051c39ab9,2.887606,433.316976,867.50358,2025-12-12
004596eb-068c-49df-ad38-c79953547048,d602c292-4a2b-4540-a67f-a062e226c94d,2.440031,152.775380,1089.74048,2025-12-09
f141f3a5-33ad-435d-b2ec-d5e29f396931,d7101700-3124-4c8b-a864-89b3334af15c,0.659293,403.391019,1008.399015,2025-09-13
5779b221-06e0-460c-bad4-c9c790ea7dac,19cb8069-b24d-427f-99aa-00b62c9518f4,2.675477,163.313973,1509.004822,2025-07-23
c92cd380-f03f-4b44-9feb-11017137cb96,7cd83912-89f4-4984-97d7-185ea0c3c9d2,0.614921,229.463791,1413.100608,2025-09-07
44edfca4-96ae-469f-9171-d2874fc285b2,b7dcff41-bbfc-44b7-be68-03ac1a589c21,1.353864,329.711913,1038.064138,2025-05-05
9eb8ffb3-7f38-4422-b2a6-b76bb52aac5b,051879dc-59f9-452f-be5a-261fc525cda5,0.270845,158.895032,1606.544639,2025-04-01
3db8d30a-0227-45ff-9132-ba80ad05f492,f9a364c8-f5ca-455f-9b3e-a30222254e3f,2.641123,33815.326392,1245.2875999999999,2025-03-15
314cc114-7ad1-4f0a-9c96-b21db412c85f,e0565ac9-5dd2-4cde-bbaf-5471b2219f78,2.602905,232.815209,1360.095918,2025-07-16
6e380210-8ad0-4526-a2a3-3a5f682e9f3e,5b86d614-ce04-4b22-920e-762f665bad07,2.205278,42.275733,1366.63853,2025-04-20
81b35772-486a-4ef3-b286-f316002e6018,731ef6ee-a9e7-4e9d-8455-aa7ba16282a0,4.437490,52237.300960,1123.096341,2025-04-18
2273a415-c596-48d0-b20a-f9cb41f5bb59,5a0e2dab-8327-4704-9bbe-3f2f227d5e69,3.100472,266.825928,1085.771285,2025-01-02
e14e35b5-992c-4d02-9977-26643fb63bc0,f718c538-0aa0-4479-8d4e-ba8dbc26a1c9,2.593374,236.639769,1434.494493,2025-11-07
75bbdb0f-1b07-47a4-b63c-0ce4a4de0197,f54bca24-97ec-486a-919d-bbe4ffcdbce7,0.150531,53.168953,1404.928954,2025-03-11
ff3432c3-a5ce-4018-b545-69cc28c84ff5,960b76e0-a7c9-42c1-aa4e-6db591312af4,0.699361,30.941952,1056.201037,2025-09-11
06d532a1-792d-480a-9e3e-9aa92c8c7c21,7f3fe7d6-5d22-4008-bb62-de5dcc852ce9,0.217328,145.360347,1310.700312,2025-03-22
b3b588ca-7731-4421-bba9-68af00a1f6f7,d4768b82-7851-4654-b5bc-f5c599423bbd,0.712403,184.326946,1261.273095,2025-08-22
145ef0b5-95bf-4dba-a68c-1068e3a354ed,856889f7-6b6f-46b7-85d7-7497b8d4b848,0.947700,348.531395,1061.949214,2025-07-20
201b4e3b-a4cc-4968-adb1-ce9c20bf0324,0a737a8d-fa2b-4778-8c7d-a18b38b14ff7,4.938970,243.288019,1562.908927,2025-02-02
0ef8c898-ddc9-4c9b-ac01-24a2ae9b4229,499b3e92-f87b-46ac-8fbd-66528332fcde,2.704215,496.424193,1515.8391530000001,2025-11-05
80d3358f-5521-46db-8a55-0e0e3550b5a8,0841eba7-d46b-4b83-912f-49b4c6675db5,1.805919,315.840131,1413.353897,2025-11-20
b67415a1-9320-497f-a943-51f308554851,93681008-ea76-4df1-a30d-f646e73d1556,0.349754,281.125129,1427.32598,2025-03-06
652c02e0-1252-44c1-a63e-cc963c0ee1c3,86bbb221-bb00-40e4-8c97-b277d6bb6e6a,3.219239,381.703457,1350.589953,2025-04-05
f517aec4-069d-4c8d-ad80-5f7b64d74362,375f7d27-d3ca-43af-a0b0-80f7cfa9b013,0.924631,144.830155,1328.602945,2025-05-16
d6d03977-efc1-4eb0-9cfa-b0aa58f1b610,60e22b61-5c40-49a8-b3c7-c16220273094,0.896900,318.767160,1216.710084,2025-09-01
61b9b024-3b7e-4dbe-82fa-11a8de1a3db3,002c6055-dcf5-49cb-aa0c-3264f879afbe,3.556656,451.619473,1075.180716,2025-02-08
229a66a0-b3d9-4dff-8ebc-51197bf15152,d0ab458e-c555-411b-ad48-335801081d0a,0.253053,414.034733,1484.3290339999999,2025-04-01
51f12738-b0ed-4ac2-bb76-ff74bfaedf20,1dddc04e-91b0-4015-b019-381cafaf8338,3.244258,348.093206,1288.374563,2025-10-07
a825bcfb-540c-4be0-af31-2cd1ac77b952,f99791a6-e65c-4cf8-a755-52e910fcd977,4.100437,333.091037,1229.218752,2025-07-19
86695c7a-594d-4252-b2b7-42e7fecad41d,57617127-933a-4efa-acb7-49d67e1bce37,0.437307,193.068257,1081.890552,2025-01-22
c0c44050-ab37-402e-9280-7a225f7472e3,0781d634-e389-4415-b735-99d2ced75580,4.940088,8756.355197,1026.0415659999999,2025-04-16
78f4960f-69aa-4599-b1ff-ffba6a156174,b3657d68-276a-4287-8c90-1dfa5fcb2c81,2.762758,292.414284,1135.043814,2025-07-14
752e46ec-4f18-44c3-aef5-c00a18e1fb7a,f49b733d-b5fb-4747-9971-c5fc41bae940,2.053367,63.044879,1423.080164,2025-03-20
3c312a6a-b8bb-4523-9203-5b2551f7ed21,60db520e-0d85-4a5c-bb17-108abfcef3e2,4.474194,350.912855,1311.372602,2025-02-15
836970e8-0616-4724-b597-24472b0fa607,84888318-53f2-4732-841d-927b79f3fc2e,2.711861,359.570803,1068.676369,2025-01-13
e52722be-e707-47b8-9c4b-0794012ec131,8f343e7e-f674-4ff4-9c9b-81935356a122,4.395414,432.899112,1346.2911629999999,2025-10-24
69255f96-1b7e-4b30-b574-d061954c61e0,2bba4f56-6534-40f6-85cb-a6d7142853c3,2.657242,28.995111,1468.571463,2025-01-23
c85129bc-c9e5-4ab4-82d6-633652592853,db10303e-32f8-4af6-aa65-aa329da8464f,3.091951,166.229030,1101.361778,2025-10-18
22e11361-bf17-4092-a8e5-e8468acfb89d,ea690ea4-8502-4883-b6ac-1c187c693f49,0.363786,202.284486,1247.735046,2025-06-02
01305097-79af-47c0-89c5-701f7c06520a,f55ee25a-a71f-4258-9fc4-11f92c5a9d9a,1.511164,156.783482,948.722517,2025-12-07
a4920c34-a215-4780-b6a4-d3f3a093f278,304f8d58-96b4-4014-8d37-f88fdc9c19d7,2.476931,56.830814,1601.015017,2025-01-07
5ed45e53-4b40-4a67-831e-300a855eabd0,80df490f-b098-446a-b62c-bd0b4c6e7e06,4.181433,69.303042,1166.444244,2025-10-14
65571ef0-20c8-46a4-a651-008e5f7ec9db,50693ce3-bbd0-4b63-88f6-035c90eb1214,3.848905,488.994280,1438.941801,2025-10-05
f97fb48c-a001-4714-b5da-752a948debbd,0c9b0f69-0ffc-471b-8812-4772f569590e,2.023412,139.341193,1315.333068,2025-01-14
615f0e8b-58f1-4ae0-ae87-ca19ca10646b,3aa9974b-57e6-4472-8559-b1d0e4750bab,1.238742,456.287316,1071.993624,2025-10-14
5d041b3f-6cb9-4adb-af86-94ccf5c8a78e,24b0fbce-2ee9-427a-b9d3-43718986fb4e,4.295295,428.548678,1258.6347289999999,2025-08-09
dda96552-1288-4a39-8a27-8b56fc216de6,5659a295-204b-4d58-94bf-30d9eb056d68,2.395551,373.371462,994.25981,2025-06-22
70e4287e-9e22-4693-bcc3-48918a9d2b35,fc599f3b-cfb4-4c42-931d-d5f1f0589aee,3.749231,68.246609,1477.227035,2025-03-12
858a8850-5bc6-46fe-ae70-b733cab480a3,403beef7-1d4c-49aa-a3b0-5460db711a54,4.196354,145.293285,1270.636845,2025-06-18
abf80a7a-6e17-4a50-a989-f1d12dff110e,767dcd23-a4ca-426d-97ba-69ec97af32f7,4.180988,452.955604,1224.41634,2025-11-01
a760eba9-4504-404a-9e7a-d9efc6d0edce,5cceca48-ee92-47c7-b08d-f5489728b930,1.124239,358.950392,1083.326261,2025-07-18
404fe7f8-d66e-421a-8ccf-5f58c019432a,2517237b-7804-48a9-88a3-ee33d4fc07b6,4.471547,424.918304,986.820125,2025-07-15
f6767cb7-6085-4d4f-bc1a-d52ed321122d,57436eb0-c994-41cd-b931-b9f8c141058e,2.262075,332.098604,1591.04248,2025-03-16
4ef254b4-60dd-4aae-8644-146f3aa852a1,eab01cdf-2878-42c6-96af-c3e0caeb7956,0.473771,368.592264,1082.0625519999999,2025-06-23
0672e962-a680-4145-8483-ecfd11721c50,a9727055-7b52-4073-91a6-5070477ec414,0.746571,393.156029,1010.752552,2025-05-04
64fef062-6876-48a6-a0a1-31465f962f29,e063564a-0527-471a-b7eb-530a8b793a65,3.989018,264.228270,1048.264584,2025-05-14
67d391a9-abac-4d35-86fd-8677adbbf781,bdcf04ad-e6d5-4d61-b4fd-da15a4f7d119,2.413113,475.669197,1298.487302,2025-01-27
668f40e2-c125-4fd1-9d5c-ef1d4694ab33,b9ae4cb1-620c-4d43-957d-663e8321a693,3.174336,111.900524,1553.859048,2025-11-09
fd8c1967-0e7c-4855-8404-51186b6fd8d3,6f5ff862-4fd7-491d-9819-34f21d020f18,2.001014,198.152421,1430.640397,2025-08-31
c695aeac-8142-42f0-87cb-79d5bbeae834,c3a07563-ee5c-41ec-8f04-5a8751a3ea59,1.975967,31.504139,1542.924903,2025-02-20
7ed6856b-abe5-4e93-9627-402b70581d5f,88124499-d448-49f3-9b9c-dd70ed2b3583,2.212578,278.902210,1272.056387,2025-03-26
7986889a-a405-4b38-936f-36f78be2e1fa,3074bb5f-3069-48fa-b5ec-c5bfdf1583c9,3.015526,47.407602,1360.91642,2025-01-24
dba35f44-9ff9-4c1c-ad7a-5c6c3ec3f3ec,1d20589d-42bd-4a73-9007-6dcda13b260e,3.345267,244.507021,1004.381296,2025-10-28
1f86832c-0509-4ab6-81d4-6be4a67df1b1,ff4f3220-1de3-4f61-817e-7aed45204a17,3.922416,257.360316,1790.886638,2025-04-09
baec2283-f724-4d5a-a210-36f7d9a604ff,9f7d63a5-8241-44ae-9969-894d583237d5,1.327295,93.307432,1625.508699,2025-06-16
9c510bbe-adb4-40b1-b0b0-28977cbf6bd8,c1c335e6-756f-4ae0-a5de-4dd86f1ddec1,2.899886,430.750828,1108.280139,2025-05-22
9664c4ad-90e9-4596-9a1a-0016335b15c4,f113ea1b-2b6c-43d7-9fe2-bb3074ba84e5,3.677328,3.412694,1285.068427,2025-07-07
0c480baf-528f-4658-b9dc-1438d70366de,5fb87360-38ae-4a0b-9206-4e56125814fe,3.076676,104.751630,1581.079166,2025-01-25
e2c9a8f6-c489-4c88-ae0f-85e9a9337629,7907936b-67df-4caa-a67a-c093a76157fa,4.712338,128.065113,1225.961029,2025-09-09
9ad437eb-66cb-4045-b94a-d49034d45892,6bed9cda-06cf-4068-840e-dcc7805578d0,4.398323,374.453503,1239.950054,2025-02-18
8b29966e-bd3d-4f26-9a59-e4cd3b5bbc86,740ea331-144b-44d7-a1ba-e4cc5675e4d9,0.108270,186.507786,1379.0933830000001,2025-11-07
719023c5-b6db-43ad-96a2-47f5e08cf3d7,4903b591-786e-4389-8c84-7d5ab4bf98ad,2.785250,313.237949,1250.235093,2025-02-09
a1e87712-8df0-459c-ad98-b91bc8a4eca4,3512837d-b36b-4822-9456-f7ab652e3b32,0.529511,384.172615,1038.263826,2025-02-06
1e5149c4-9410-4a2c-85fa-8e908e4867e2,7f15a74b-766b-4108-b488-35a4553d86f1,4.133195,480.778045,1250.585094,2025-02-22
ffaac6e3-d589-4fb0-85ca-a221af5fe6a4,b21a76a8-e087-43b4-9abf-76512b4ca020,4.961857,208.341138,1597.105931,2025-05-14
f4b1d807-f925-447e-9ecb-056cff8b5e41,e1502bb4-bbc7-4935-8b5a-f22f31a9f9f4,3.776514,70.273615,991.358533,2025-09-14
cfc00ad3-a93c-40aa-82de-64e1ce9a6b45,14986a07-2ea9-4291-9ced-677485418ab2,2.629001,357.761122,932.051662,2025-05-18
3fa675c8-9b81-4a21-8c34-2a91cd13103e,3a084ed9-7178-499b-969e-ea611891db2e,3.622082,122.264567,1341.645532,2025-02-01
9966ec81-c64c-4a1c-ac78-b832b3ba84fd,d596da5b-492a-406a-9ac8-99af9288878d,4.999126,19.914876,826.75784,2025-07-23
1aded59b-a75e-4271-b3ea-e6bf6ffcea87,2c59873e-778b-4258-b152-cd8a08e4b402,0.001593,29.795356,1113.3078150000001,2025-05-04
210c321a-432a-4b54-88ac-d63b2bcffd14,11e7724a-fa23-41f8-a7a9-47301a83e2bb,2.246320,29.228049,870.728381,2025-12-18
3e0696c2-bfb0-4bce-afea-890027e9903e,a60be1c1-da20-46b9-b30f-3c24d934115c,3.989344,482.575920,1032.033228,2025-04-18
3962c8ff-cce7-49a8-a28f-f2f24debc24f,3f9cd41a-5a2f-43e0-a5b4-2aa3ebc3d350,2.087518,463.564928,1158.250479,2025-02-04
a1956f4b-d6d6-4d37-85c8-2524b7779fb9,9cc06ddf-87c1-40b4-9141-e2db05e9740f,1.143810,40.828738,1731.100254,2025-08-06
8aa87694-a115-446d-b9c3-0bca967e0271,5e7c1acd-b338-4674-bbbb-b57256567efb,4.484689,250.764501,790.890652,2025-08-01
d5b7e906-1283-4abf-9bce-d0124963d5ce,ce21c8fd-0a4a-49ea-89b7-357a6856af44,3.257373,4.964475,1155.684329,2025-05-05
a7eb9856-3163-4d03-a916-9492edf5c26f,caa97dfd-a358-4e74-8f39-f8d2b02a70d6,0.484669,330.438717,1211.401801,2025-01-16
7120a693-e3ea-4464-8b71-a1541206aac5,405668da-bae4-48fb-9c3e-2528196a2528,3.422360,83.740924,1841.873517,2025-04-10
dc6b895c-bcc8-4dfc-943d-e67429db865f,6912617a-5bde-4e00-bd4a-ea39c2d64804,2.169804,315.926393,1225.419504,2025-01-17
f4b02ba5-350d-40c9-a20f-bf99d8f6b894,843d6be9-d6e8-475b-9f7a-ca5eba0d23d3,3.570073,244.251393,888.141509,2025-09-16
5acb72dd-82d9-45b0-b3e5-936bdc4d6b13,375836f0-eed6-4378-aeb1-b98a6a497a9b,3.123122,331.062937,1242.890585,2025-01-12
dc2f4a5f-49e8-4594-a1e9-73d579b80641,8af648cc-b68e-41b7-a1da-3820f93e7a57,3.584060,170.091752,1544.578058,2025-11-16
2bddac43-e21a-4481-9907-32b7e234cff6,dc1afc07-6d2f-48c7-a1ec-3879f8b7dc7d,4.975310,120.392051,1036.800921,2025-10-17
892a1370-483c-4a23-9695-9c13c133b41f,a9396db3-5a41-4ea2-95c2-0a16caec8782,1.184691,157.865842,991.448482,2025-10-15
261ce778-8d0f-451b-a8b2-0a8dbba78efb,46200190-0d01-4318-b18a-a544e4cd66b9,0.688838,322.377128,1252.387121,2025-09-30
9b912a25-c342-4b9f-86a2-c00051379140,a7de47cd-3d86-4746-9730-b02a2d98d4d6,1.628376,393.589611,1431.254261,2025-08-13
9d80e797-7d7d-4159-ae9e-0f8d058bf3b1,8b42a213-d431-453e-84a6-efa2fbf1b8aa,2.415292,243.155986,1260.467424,2025-06-21
8942a65b-2e88-4664-888e-2d83992d1b3e,cce3728a-3bc2-4a08-a080-ed781c3abf40,1.291321,163.635742,1172.166574,2025-03-11
29d4f4ee-d9a5-47d9-85b1-93f587ea194b,6612573b-344a-4964-bb07-12bf9f1f5f11,0.700451,107.476231,1707.646954,2025-01-05
7d18155b-6d18-49ad-8cca-79edcb32f5cb,b273c338-5829-464a-9a76-7991206e0808,1.695761,434.273656,1425.973269,2025-11-22
1bf20688-05a8-4422-b7f5-a5a30a212420,74df17ea-013c-44c4-9687-9c49ac33ab09,0.189634,50961.948240,1753.45811,2025-06-10
b080c76f-acc7-4ea1-b3ab-b3c713fc6193,5aa99bf1-8266-4194-bf05-49fd46aed666,4.147872,414.254520,1714.331439,2025-05-17
646bcf94-ce17-404f-8d48-3e11c56f068d,d7d4828b-2497-4ee5-9917-236b63523ff7,0.667238,17058.786144,1181.752581,2025-09-17
05c47901-f1c4-4a7d-aae9-25b7eba11caf,a76b6ef5-64da-4d96-a988-87a057e74c60,0.920899,174.776257,1510.876421,2025-10-29
3cbca776-2661-4365-85e1-242e1a8ee3ce,df2f9325-441f-4040-b61d-b32b5ee25cd2,2.034826,207.698848,1352.564725,2025-10-20
4aa1952b-34f5-497c-bc3c-c3a0e9cd1d11,b1e910f4-5e06-421c-8ecf-843808856284,1.678933,188.987932,1098.230919,2025-05-16
da3a31f0-17cd-4965-80e7-dfac6855b7ff,597c2ef2-4e8d-487a-827b-ae742f38eada,0.242297,15.650893,1573.015274,2025-11-29
ca7b81d6-f602-4faf-aa9f-e04569f2707e,aff2d311-8929-417b-a247-436719318ae8,4.638819,262.568207,1191.310272,2025-08-06
fb3948f8-eaa0-4082-a2c2-28f214c2ee22,22b528eb-9671-425e-ad78-a276cb20b990,2.547253,104.270117,1082.871808,2025-04-03
3111ae41-916e-43c7-80ce-bd35d53d27b7,96caeb4b-51ee-4de1-885b-f8d28004ff9d,1.992642,346.037498,1783.419628,2025-12-31
636f8520-580a-4006-bc1b-d40e52ab9975,3b5b4ba3-637b-45f1-be63-8371a006f73c,1.900878,323.226461,1645.362403,2025-10-01
2f84ef43-d7b0-4cdc-b5b9-2b3f4dd3c725,796c8bf8-9595-4928-8634-77232f3a6638,0.727816,8147.206702,2006.76847,2025-05-12
71bb09f2-c354-496b-9255-ca6af5f62341,b19efbce-1541-415a-a482-134bd5dea7f5,3.473981,299.754147,1100.049161,2025-11-24
b8ec2523-30e4-4a7b-bbbb-1edad2e71bcc,07bbe97c-20ec-4947-9f85-57d8f5f0d3dd,4.861978,194.325548,1241.387508,2025-03-10
6cf313be-4c1a-4599-8452-78f03a164f07,ae1546d1-6051-4fe6-aad6-9f6130c7dbef,2.908628,253.535597,1372.907062,2025-08-16
0b00979a-2188-4edd-ac25-2f1795079124,adf7f001-828e-41ef-99c2-8bc0e6c6ed99,4.137848,11789.205652,1897.362984,2025-09-25
de901971-24d6-4234-8a20-e7fcc5f04995,1f8d433c-d9d6-42cb-8414-eae67b2063a6,0.249218,123.241629,1264.854877,2025-12-12
7811b9e2-b517-477c-834a-deaad8ac6c8b,d7aab353-e7be-4e2f-bf12-cdc166f3541b,2.378144,494.258912,1313.260355,2025-06-30
42071971-7044-4ff4-9fe1-1dbcf1f9d43b,e82b1f23-7ff7-4cb7-a522-b19f85c8e981,2.703465,257.417738,1314.915269,2025-04-18
82fd8e4a-6ae0-431c-8819-1e3cb3062d7f,031dcb55-57cf-41e1-a49d-4f22744f8617,0.908885,424.020996,1309.8409609999999,2025-03-22
b1029671-3bd3-4a2e-aaf0-465559c31fe9,cb6a35dc-aac5-4fa4-b99c-02f474d6f026,1.252343,344.757080,1591.6527130000002,2025-09-09
7958348c-6882-48f5-aa32-2aecee1c6a7b,8c7f4dd1-a7ac-4ef6-975b-2cab64ae7d6e,0.704182,287.283051,1348.381869,2025-03-08
9b790623-7f76-43b9-94ba-d5bc3e1a603f,e6534e4f-6874-4b4c-b4c3-6751c49a9865,1.645901,383.277291,1429.350465,2025-11-02
4cb4892b-d546-4a9e-89ab-760ad4e56f5f,d0fdc36e-f919-4a08-9a92-2bb4f5147201,1.243670,221.655996,1375.59117,2025-04-30
03d2f899-8b84-4b27-bd4d-cbf0b9694ada,a0821b3a-60e3-408b-afb0-9729784aea23,3.034467,69.377859,1586.035347,2025-03-14
8f9795c6-da43-4ded-89d2-efa6f6b55df2,aad98f1f-74a2-4cd6-81b9-3e9cf02d2760,1.959133,190.638488,1402.590442,2025-04-02
35fb2e84-56de-4a1e-a917-047b00d2a552,633b8a80-ad99-46ad-a5ea-808266d0a8e8,1.159628,163.189523,1259.291983,2025-06-29
3dfe87f1-52e9-4b36-9e60-d57b5fe3a45d,a0302df5-a7a1-49d8-9fa0-e7f50d237701,3.809193,5254.867645,1202.526923,2025-05-02
f6891540-f10d-430e-80c7-383323bf7b8b,b777c8c2-02b8-4782-b903-f335c3daa691,4.497914,13.402424,1312.844377,2025-06-13
c2287211-0db4-40a6-94f9-cbd9b1254c44,5242b4b2-1294-42e3-82ad-e59ad950d54d,1.447881,276.838152,1278.797542,2025-10-31
01d21ff0-8594-4c19-9300-a55d9da8f4c6,f5386a0b-9292-4f60-855c-d0808dac355d,0.497252,312.980094,1339.793074,2025-08-03
7ccbc525-2f73-413c-9958-8d9ba04047ce,0265fac6-e152-4b66-ab02-d2feaf3c1215,1.436573,251.134755,1172.535578,2025-02-02
40410717-8167-46b5-a847-7568030081a4,62f9f583-d2bb-4442-8fa1-dbf16259576d,4.959488,246.251326,1332.398997,2025-05-09
1885da33-888c-4c6f-b4bc-54eadcb0f7aa,32513aed-ceb3-4110-99a8-d560dd3cc60d,3.488586,85.726227,1430.833017,2025-04-25
44d5baf6-28bb-4bf0-96b9-4dba8bcd1c5c,4f07fe8f-5242-4fa3-89ab-339005e19fa7,2.243538,47.716140,1437.732254,2025-10-23
69866715-ef8b-4daf-ac84-7d874358c302,6bc4589a-c3df-4605-b5e6-fc3b48594bea,0.175604,230.840373,1022.34139,2025-02-15
6396e082-214e-4fcb-8254-a6c5ef76fab3,b32ddf7b-e980-4ac7-a9b3-ea44f07e7ca0,3.252191,453.859391,1328.251001,2025-11-10
e71f38f2-e00b-4468-bf08-b3b85a80f2e4,34a51246-dc00-4793-8519-247253d27e73,4.490330,309.692496,1089.961822,2025-03-09
ad2652b7-b402-4c06-9cd6-5c1533fdffe7,208c7400-bac2-42d9-9296-2c72d7664f00,4.378778,217.429188,1154.138242,2025-07-19
50fe0654-1518-4703-a2b1-8353f9c74968,eab5530a-ee31-4115-891d-a4da799d77a2,0.607841,138.644079,981.904493,2025-08-18
2ec39f38-0e71-4c28-a841-649fd8d6de6f,225289bd-3e9a-4bdd-9601-2b53f08ccadb,1.873662,425.786878,1247.832476,2025-07-14
c97d128f-6632-4774-9705-9b3befcbc58d,1abb9829-fe27-4aad-b282-04e4beafcc68,4.355168,200.478769,993.85397,2025-04-22
a0c49f64-084d-41e6-8739-e264169bc60e,fc52c3b3-9fb1-4594-8817-5b332b153279,2.702727,340.420748,1169.746752,2025-05-20
2aed4a5c-1efc-4223-9872-49f06642a325,a2587dfb-fb67-422c-9061-20949d68c152,3.813257,4700.960783,1273.85547,2025-07-29
5f8c7776-7ddc-48ee-a2f0-f8d4cf4411aa,93be9741-69ef-4d21-893e-bea43df87fca,3.489560,387.289359,1217.024357,2025-07-26
2a1fde34-28eb-4eeb-999d-dd2282ec995c,26f068b1-1d36-4bea-a010-106c7a7310d2,2.609176,409.079144,1158.269938,2025-08-04
27d79667-2b9d-438b-bf11-b4c9d1ab045b,24a01e0b-fd20-42c3-9d91-c49066b12174,0.508906,43.704905,1379.727348,2025-04-17
cc0b0903-c973-4c4b-ade0-2c1fe76a97c7,6ef73c42-367a-4925-85a0-14dfdea78687,2.107919,277.931549,1276.842191,2025-08-03
e4890bd3-3cae-4269-a64b-141d5e51363b,97e88441-ddf2-4363-bde1-1ab07c39c9d1,2.842220,25712.842069,1094.483392,2025-11-17
63569376-37a8-4aff-a10e-afb00cd7abee,e7102a50-af6c-4f00-bd9f-cd4a6b36f9ee,2.410599,182.427314,1267.22428,2025-06-19
61f620d0-bdee-4422-b5c6-42b75ff6c914,1b726b4b-23b8-4454-b26d-9fcb77d2ca67,4.019321,195.090691,1344.521019,2025-12-11
7bd54233-c603-4bf2-bf8f-d9769fbb997a,cfe9307b-f12b-443c-8f49-5961a0360dff,3.353446,282.123672,1525.478634,2025-03-22
08ddbd26-5952-40f1-a685-7c65c483d7a9,e1839b43-46d5-4325-a112-eb2b8c961257,4.338109,106.523418,1244.95568,2025-06-05
ec15070f-200d-4b47-aae5-b27bae83323c,0115c66b-2b60-445c-8555-2cd3172a1b81,0.224707,16.201942,1457.645857,2025-05-28
a03c6dcb-6241-4e3c-a1ee-511fd5df82ef,d38a9ca9-1433-442b-829e-8acc90840bde,2.788648,494.756279,1428.5500769999999,2025-02-24
ad987d5d-4eb6-4e98-b01c-5b497f42cf34,d482735b-0357-436b-9728-bd130e2a571f,2.519450,229.967079,1329.818198,2025-06-06
0db3ec04-72a1-4565-941d-3b6ad3c6028e,af580bc3-11f2-4d9d-a288-63329b201143,4.210215,334.936779,1603.552878,2025-09-05
4eac88b4-d9af-4871-9a32-605773e84c10,ff8028dc-b6b8-4694-a38c-f04dafbf4d0d,4.966528,297.942692,1482.233122,2025-12-20
2be9fc73-fd28-43c6-92cc-a869c13ba41b,6a94abc6-e90a-449e-9272-38f22d37756b,4.590302,2026.494830,1077.33255,2025-05-31
4affb506-b4b1-4b47-a85a-58601a777bd2,0b159720-e3f1-4bdf-9201-2d745d62d4a3,3.346650,198.049043,1016.657832,2025-04-17
a609151b-3290-4023-83f3-a50047e4f197,8e4afdc7-0299-4453-adaf-3ee4fe1674e9,3.401449,85.549662,1229.956391,2025-06-19
181c939f-c5bd-492a-9661-3eea5f8f570a,77e88bf1-6f4b-475a-8de6-fecbd1db90c3,0.287845,458.423766,1437.299911,2025-03-21
f6d9f19c-b16e-4e7f-8c14-7f8b26fbbf46,1289b889-1d9e-432c-8364-efdcdb0470c2,1.864507,467.197028,963.440898,2025-10-22
d81d6014-cfc5-405f-8675-ae3246b8b62d,cbd7ff91-330c-4510-bd08-168f57ea35c4,4.271314,445.296919,1738.538039,2025-02-14
aa84323c-455c-46fa-b5cd-504778147113,179c82e7-0e2b-4ed9-bcb4-87853b0d0878,2.575251,248.494615,1545.689865,2025-01-20
5cb6992b-fa0e-4de1-97b6-781543848690,4c2a3075-bb79-4366-a8a1-eda3afb6ce4c,0.419805,494.667938,1338.793976,2025-07-22
81204717-ee6e-41a1-9324-ab5d308126f2,78938c00-417e-48cb-9fb3-da85d96207a8,0.116241,483.889587,1178.185632,2025-03-21
0e4919cc-2aff-48b3-9d69-2e45a5df22f1,0320c5ce-e898-41c2-ad0c-dc9323594254,0.299963,126.179892,1545.17709,2025-07-14
16bd25b5-cf01-4751-b74f-ee6d09e449c5,c10ebce3-f271-4cbb-8027-870db2a6b7a4,0.674699,130.227093,1180.351015,2025-10-10
1fe5e672-c3a3-4d49-b3c7-8fd70bdaabf8,10de8800-057b-4859-80b5-c1ec621e366b,0.261661,417.521470,1299.871252,2025-07-17
c8937b41-6e83-43a1-b890-b512b4cba349,19692402-4dcd-4cd3-b1b1-e7d432694835,0.031801,297.121133,1308.938899,2025-04-01
9c140af2-fe6a-46ff-bc9b-0a393478a6a1,9660a336-c7e2-4b5e-b048-61d0d7b1b18b,2.996255,288.771783,1227.296347,2025-02-18
d3277009-588d-4c1f-9485-94d9817d408e,9eec3b28-6e69-44e1-b468-8d417f93a294,3.872704,145.570013,1468.314686,2025-08-12
ea137f0e-ebf5-42e2-a52f-5a337641c23e,dac15c91-094e-40bc-a65f-5fd68dfce960,2.957508,22.704675,1208.572884,2025-07-09
e8b99698-b930-4c04-9e5a-d4d424472021,f5210bfb-a294-4433-a072-e1a51c5ee9c1,0.763968,267.258581,1607.747335,2025-11-04
c9cb4fed-c686-4c74-923d-f1b793ac9d7d,2065ac3d-24d7-4b41-8c76-b9d023979cda,3.529925,123.628678,1487.634964,2025-06-13
7f271473-fbc9-43bf-8eb7-9e0a1a3258d4,d0bdcf4e-8d66-473d-9d97-dc0b2be7e2e5,4.317961,260.984552,1016.322815,2025-08-18
9b741cd8-81a7-4d41-8900-a4e569fad3c7,1d5ae4b4-c5e4-4ab3-be1c-06271650a6ba,4.269986,234.700759,1494.386947,2025-02-07
0ff856f1-55f9-45c3-843e-f97b6855c2ac,c7e2f97a-a314-4a9c-a606-946c610855c8,3.641571,208.004999,1286.934407,2025-04-19
8d33f6da-982a-45d3-87bb-e974cb61a95a,4b469c85-03b2-4c94-95d8-268a7790bb16,1.278275,303.577602,1732.1842199999999,2025-11-09
8c303504-527d-4a6a-8ea5-8d23ee97b0dd,659aea12-1658-401b-ada5-4ea35c3e183d,0.372012,24773.914287,1458.709239,2025-03-11
fd3cf34d-7575-41d7-a0b8-abee29a1bcad,6cec83b0-605c-45e0-a055-5614977eaca2,4.241818,45.408403,1312.272022,2025-07-15
5fa4a36d-ba3f-42c1-9cea-eb4996f79e3b,11469beb-c5f1-44ac-8578-42be9a4ad609,4.187859,185.510635,1237.480043,2025-08-11
386c895e-abe0-42c7-aa3c-052a6749325e,71c5341d-4783-4fbe-97f6-82503be2f439,0.005499,167.064415,1131.749484,2025-09-17
9fcd160a-e48b-4cba-ba05-7b4b411c58bf,7fcc402b-52db-48a7-be78-741a2d920cd1,0.311420,48.048159,1084.021225,2025-03-10
7a49f33f-aed0-4921-bc73-020d93eb2c5a,c9ffb69d-cd48-45fa-96de-2afe53b6b233,2.013216,182.500322,1348.323962,2025-09-06
615369d2-87ac-4f4b-a9db-dc475acfcfb0,e6c6236c-58ca-477d-a642-7b2026a50bea,3.198916,431.112423,1287.312132,2025-06-10
e216b836-629e-4bab-9448-ef753ee4dc7f,cd3a4837-cf01-426c-8f07-4aae7746ad31,2.382895,71.996107,1061.605273,2025-09-08
2c6439f3-ef09-4c35-b66b-969ec0fb1677,2db8d042-c77c-448f-a08c-df654779320e,3.337801,456.984528,1570.348214,2025-02-15
8ac6a358-cef4-4335-a6e9-318d4d8f26bc,83753cb0-f2e5-4146-9d43-f5f8c6d468fa,2.626712,300.352667,1095.978449,2025-08-30
7b41ef73-04df-464d-861a-796d7e5e20f5,fcaaecd7-fa2c-434d-acf6-3264075ea24d,2.068980,376.045075,1146.709556,2025-07-02
fdd810ac-cbf3-4664-a4c6-b1b6176194ca,cdc2931c-ff2a-4cf2-976f-fd09f3ca8101,4.886188,33.534901,1671.657843,2025-06-25
4a9141c7-c7ec-432e-9aee-4527ac716acf,54292a20-b809-4cdd-8f4f-464b59f2fb16,3.989035,177.733260,1011.751109,2025-10-27
5a70d8e7-9983-4e93-9c17-f744f9c503d3,44b0cfe9-e37a-4a25-9aea-785e09b33a8e,1.467025,98.706523,1516.64313,2025-03-16
50167adb-dc65-4428-974b-28ad3dab5da3,f28d718c-9a84-4ac1-9f9e-f1ce938ae3b0,1.226653,363.743181,1143.143233,2025-09-21
cbc090ad-3c13-4d18-8a10-3fa0b7608a06,9e253a00-29d1-4620-9ee5-8ad78cb4e6b9,3.160387,226.453213,1552.353808,2025-05-22
b791ac64-910e-46d9-8c50-6cbfbea65b93,2577c30b-5073-40f9-acbd-bdfb1b9d7c2f,3.047783,42.195558,1080.22347,2025-03-01
93428d61-5e40-499a-824d-57c614ee6800,0e4fefbe-30fe-43c7-8117-5363e428b9c1,4.732830,47.303668,1049.23217,2025-08-01
b7e592b8-51bc-4d0b-aa13-9dfb4886c716,6a22abc3-c272-456e-b215-824dab13f420,1.669208,416.124849,1494.0788089999999,2025-10-27
147e9161-0951-479e-a86f-9ba658d4db5c,89fcb890-cff6-425c-ad17-5c4f5eaff04a,0.144094,427.374063,1725.90802,2025-03-14
51f9d941-157a-4430-bfe6-dc327d9ebf1f,8988da29-685a-4e8f-81c7-71d23e78f884,1.213257,389.878072,998.815576,2025-12-30
38e2adee-0287-4a05-a30d-f67c18c3c6cf,35d44968-b184-4f5f-aac7-8935cf9f9392,3.483299,219.337150,1194.384072,2025-10-04
cb603098-aabb-4848-8be6-45484ff202e6,112b711e-c10b-4d35-9719-12438560b742,3.368971,29.225498,1399.923964,2025-01-05
b675f923-51a3-4513-8bec-0ec234cddae1,dcc5716a-dfc8-442c-9eb7-2aabd6c33c6b,3.299601,142.302627,1161.291109,2025-09-04
1ef43cda-3f23-40ab-a94e-520a1a5f5148,4792f502-3873-4967-9f02-883d846c9558,3.697296,18.175475,1437.565881,2025-01-06
48090e90-a334-41e7-bc3b-2dfedcedc514,7f4418b6-c6e0-4826-8966-03471f7a644a,2.033083,299.832134,1710.246155,2025-12-21
5bfa7749-c419-4679-85c3-477cbbbf31e9,1a433b52-3dac-4ff2-8ce9-903838bf8f3d,2.497891,85.640841,1448.071522,2025-06-17
e9552769-c64d-4d13-a337-0aed0b2d4165,6305408a-93e0-4513-ba5d-975e6e093569,3.209223,20.866908,1242.299989,2025-05-22
ead646da-64bd-4a7b-bf36-f8c2cd121db1,6670d3bb-1421-4de1-8519-d98250df3f1c,0.363725,271.771626,1248.247807,2025-10-01
ac4e010b-9d1c-4536-907a-b1f4b09f5d05,520b5806-f7cc-4ccb-86f6-0ea6f46ca9b8,0.223996,290.531663,1353.403257,2025-10-02
407c784e-8454-400d-9b9e-dc7d17e2bae4,d588fa04-951d-45b8-9bc8-7e6b5fe02035,4.903359,376.592170,1669.737912,2025-04-16
6e46cc17-235b-4b45-892f-8ced2c6e469b,aa8324d0-7cd2-44c2-b85f-a23e3ac38617,3.792188,349.883145,1227.652379,2025-07-23
38e47fc3-08cd-4378-8ab4-c55bd7bb2dbd,3916d864-4371-47c2-9c0f-565eb19cec36,0.781244,385.179442,1245.83103,2025-02-23
c2b6a58b-a5a3-456e-9476-c68ba76ff22d,0d68b1e9-c0bc-4a3b-8758-697354c5848e,0.181034,8930.150734,1086.0528649999999,2025-02-23
b6838348-395e-4e90-851e-1a669b8d111e,390be886-6224-4343-8070-e90a162d40a3,1.853639,499.549450,1440.130551,2025-04-21
260a4dfe-95de-4bf3-9016-8cb89c503f8d,a79506d5-4b9f-456d-b1f3-45333dbd7aea,3.529547,358.993236,1237.2991769999999,2025-08-27
aa2eff05-6d2d-405e-9cd2-e227fa8aa3c9,f03e4112-b81a-4684-acd7-dd00f75944c4,3.148301,137.155480,1151.346293,2025-01-28
901643aa-6cbc-4208-a4a2-f62217794f71,2c096c9a-b9ce-4a40-ab0f-35cae808ce06,1.699852,246.623372,1401.92866,2025-12-26
e89e463c-b9e1-4935-85ff-08a5b0066a06,facd0229-ce57-4d06-bded-53d058ce9f8a,1.009404,33.816389,1094.160095,2025-06-13
d0719d65-98fd-4fc1-9584-ddc551936067,d7afccaa-f2f2-40ac-a1f7-dc5a3c16c4dd,3.733086,324.730989,1743.767976,2025-12-28
beac12c5-e719-40b0-9f99-df6e3314f305,3dfb2b84-d26c-4321-883c-a169637ad14e,0.972138,458.098249,1391.9898389999998,2025-02-19
7963715a-377d-4abc-ac94-15fb8c73e406,ced76e2b-c0d7-4e88-8f9e-8941a81279c8,4.865205,166.649177,1221.861082,2025-08-28
55214765-0f55-4acf-9e6b-aed49dbac726,d35c04b8-407d-484f-ae7f-ef00ce1ded0c,1.536784,316.847017,1522.567386,2025-06-05
51abffb3-3d30-4bcb-851b-3e8cb1084020,3cf23361-d0c5-4307-bca3-d252cebf190f,2.623351,281.884429,1400.6304149999999,2025-01-14
125021c3-5aff-4fe7-93c9-b32230302f9e,fcf161bc-6daa-428f-b520-7795c5d8c7ee,2.661453,495.799316,1431.415239,2025-03-12
31a1c877-2299-4d78-86ad-7d89f9991c2d,3353ea84-8b1a-4122-9baa-e575539304ff,4.475192,199.066220,1242.193705,2025-05-14
396aeb3e-26cf-4811-a51e-0e6830c49753,d69b849f-5053-4c7a-b48f-1370ef26a851,2.935324,395.879049,1101.164546,2025-04-02
3784f130-1648-4c45-b146-9a50d404a26f,40c588b6-3b10-494f-aae8-5d4b4a6b9ccd,0.731881,76.619819,1498.606278,2025-11-15
24e33cf1-cc99-4d3e-805a-53dc6400c968,e01f60d0-7fc2-4ac2-aed9-c9356a3b09dc,1.096214,387.164212,1742.641422,2025-06-04
c1da4c19-351e-4c87-bf2a-8f42a39aac79,710a79fb-f7e7-4eb3-8f6d-7cd2c39a1075,1.385941,135.462319,1441.80783,2025-03-04
ec6f4e28-90b4-4be7-8fb9-aebd33253f2e,481a5184-fbe0-43fe-9ac5-3d104eb9713b,4.155949,466.520200,1234.34867,2025-08-12
b4981d9d-784e-4789-bf15-b3c0f77fb44c,9e2cce23-6b48-4485-9044-7ddfb2885bfc,1.915345,139.969538,1436.857672,2025-10-19
ffe1c317-939e-48c0-891b-7ca7cd4f191e,a3be9dae-d3ab-47f4-bc95-8b9d6cc5da76,3.592277,24.770106,1710.665168,2025-07-07
f85c121e-2e4b-44d5-b98b-90e72b6f46a6,e3973156-ae85-4fa4-9dc7-c69965a22600,4.999312,319.751910,1275.004298,2025-08-09
006b3124-32a2-415f-84d3-efa7c8d63c33,5b219727-539b-4bcd-991a-4ff3683a7f35,1.528613,111.291287,727.018204,2025-07-04
def9c2b3-9b9a-49f8-b2b2-52ac4fcd616f,7202a17d-f9db-4d7b-91d9-f9bcc1b54758,2.154978,50421.670604,1260.0945259999999,2025-08-04
55e0aa04-6cce-4ec1-8f0d-bd58fa6fd2d7,7188b274-403b-4e90-b341-b47b05382d0a,3.634878,307.899395,1317.901505,2025-11-28
33279d7f-ea57-4f44-91c1-9f14c1c70be9,b22fb3c8-20b0-433b-8a9e-654a24c117b7,0.638841,15.455106,1205.335463,2025-08-13
24fae295-314a-402e-9552-cc121ce42b8c,b6f6b5ab-1677-47b9-8203-8b11e99c55de,1.014323,384.597533,1181.424645,2025-05-14
9cf6394d-67cd-4ef1-9352-57d6bd81e42d,ab56a3c4-7c10-43fc-9be6-f851c1915533,0.409979,130.377199,1577.076178,2025-10-24
c1601dc2-5dd2-4558-b7de-4547ac7a3bb4,96d221d3-4a6b-4e51-8a26-37af0bb814d3,1.700371,100.186690,1262.4015219999999,2025-08-24
53da817e-f2f7-4bb3-b782-97a489c36b76,0b878b61-963e-4f44-b5f4-7c8034709a13,4.341649,323.115581,1471.763723,2025-05-19
54d8a8a2-bb78-48c4-8562-50df2845855c,750d3add-2b61-4e56-8266-d217f56762ce,3.056366,9626.893521,1019.139389,2025-09-12
79a8e845-cb24-4081-84f4-a48327cc7b05,eca50ec1-9e4a-43a1-a346-b6f8a9bc48ea,1.980168,259.396626,874.455669,2025-05-24
5ac54082-cc13-4c5b-a279-e23c3e28ddf1,28e1a9b1-4c95-4bb3-8e3a-b77611765129,2.814465,262.507836,1693.4088629999999,2025-05-15
a921eec4-3fe6-46ba-b0ed-b72bf049bf41,64511c9e-b7c3-4b8b-bed6-bcfe904c3354,1.935160,49490.762003,1373.6751219999999,2025-09-11
190050ae-62d8-4cc6-9da6-1a947ed2255f,42a90307-e1a8-44f4-a0c6-6b1517aef69e,1.268758,6.288334,1580.267513,2025-10-06
cae3f91c-063f-4248-8aad-dea5834b0bff,4af70f57-6342-4e03-af9d-96542ac34ac4,0.021000,46.091961,1278.917049,2025-05-23
2fce299d-65da-4d2c-9cc8-7e5ecc324dd1,cc96057f-77bd-40e6-bbbe-ffde82245e81,3.566454,485.131282,1403.954087,2025-07-28
bfe97f57-1519-4235-9ce2-bbe21cde97f0,8177dfe4-2e3c-4a44-8b19-116832a68366,3.000448,376.295710,1490.046924,2025-03-12
7fa00526-14f9-4657-bdd0-bb9971cdf029,3502f5dd-18b0-42bf-b7a3-bf415874cb63,3.640769,237.244447,1265.339546,2025-06-28
749e6af1-e2d0-4b59-ba39-524f4d0d611a,bce754f8-5401-49db-8a37-e5b81b68bd66,0.267805,304.358491,1313.263384,2025-08-10
fbf69da5-1848-47ed-a752-0d1f6f05a906,7f8fd6f6-c2c3-4bf7-abe3-f73ae80a7474,0.117816,38.199444,1115.388399,2025-03-14
d5560387-4687-4618-aaca-fe14da524580,ba36c266-be77-43a9-8e49-449389eda862,4.901663,245.997951,1400.11213,2025-11-18
2017e521-b5e5-4716-b514-dd6413624b4a,e8993a20-f813-45a9-b3e9-327355f475f3,3.057914,28.397939,1505.062064,2025-07-08
33faca4d-8838-4f91-aefc-eb71b998b472,7efb1e33-bd71-4c63-bcbd-59c9ed80f963,4.733476,88.837362,963.1244,2025-12-21
317ec2a4-68fb-4397-a80a-35319abca4dc,06340577-0b8a-4889-8f44-79151feecb97,2.456807,242.999479,1242.140121,2025-01-16
bee08359-2d4d-46a6-9234-a529b716dcc9,2b25fec4-9307-476a-97c6-84f2fee131c1,1.286575,350.815043,1136.264558,2025-08-28
4df007d0-4d47-4940-9950-5fd930521719,0728aa5d-de9b-4d36-afc7-c5765c098a84,3.896168,156.812839,1338.575654,2025-05-17
cdda24f2-a143-4ffc-befc-7dcd8e8418e3,8f7547d3-dd3a-497d-81fc-d04ee97c3954,2.351708,159.673224,1274.437075,2025-05-28
bd08381f-55c2-459e-964c-24f6164f6557,2a02615d-1f67-470d-b0e3-b95920108099,3.589286,445.666289,1090.938699,2025-01-25
8866dbfc-c003-4c95-8138-01eb37b46781,8b536238-8eb9-4701-b5e4-859d8c83211b,4.414446,90.317591,1339.491665,2025-09-03
c1e33cd4-c9cf-4265-be51-14a5480be37c,2bfc5cd2-333e-493f-b9f0-822ffec38d9f,2.162497,467.049431,826.670535,2025-02-11
fabe239b-35af-42d7-967b-5b6f4988b12c,a70e5ad9-8d04-4358-acaf-dd82616d1998,4.485016,22837.284178,1402.430637,2025-09-01
b3b7a009-60fa-4978-9c20-cc8aef27f403,b9b8b396-fc49-480a-a3ff-473a6656ab0e,2.364273,178.892117,1235.634216,2025-12-06
f3ba5db1-31cc-4002-bd95-5d8e2201c194,6e48bf60-f909-4e5c-a517-3d60fe9b1ad6,3.599874,33576.107785,1170.783735,2025-06-16
bd2224a9-bf4d-48cf-91fb-78d970b61702,bd7de378-5ca4-463d-8093-cdfe33991fa6,1.468099,352.365771,1123.894482,2025-10-04
4f5a0667-7656-438a-9c36-2cd86c875b89,619563b4-e587-4b4e-8797-e51c3909c5c5,3.829046,83.272141,1343.562982,2025-05-19
f03b3270-79d2-4b69-90ac-a9fde34ddcf7,b137e498-722d-4400-b0c9-c45c2fa418cd,4.221300,359.425290,1349.987334,2025-06-15
79ecef0f-961e-4512-abf5-19c6f76c14c0,d33eb809-7bef-4cd1-8841-9b85caeffb62,0.807340,407.548524,1270.098562,2025-12-23
aa8701a4-c303-4216-9971-4d7adb5b2347,2b7d6a1c-e54f-496b-beee-0401db05ffeb,3.033273,496.485443,1492.451103,2025-04-11
6f11e86d-525f-4f1a-a270-47a46c912ac0,f3b02d79-b67f-4a43-aec6-456476823ab1,4.926103,466.446314,1407.770513,2025-08-25
4116b4f8-4126-44a9-ad6c-0762b6c1722d,69a0f0ab-37e6-49f8-a8c1-63ba5c34bda6,3.871141,7851.666967,1283.8934,2025-04-24
307ce97b-c436-46e9-866a-972218fc5e49,a82b61cf-8762-4333-ba47-55d4185895d6,1.891504,356.593797,1301.950433,2025-04-07
dbf0a1cd-de2a-49f9-9d8d-98b50f5a87d4,516e84d2-09cd-4170-bf5b-b8bd5ab09b92,2.096010,370.540029,1283.065094,2025-12-11
c1100eb3-0a55-4bb9-b20c-1c92e006aca8,e297b2a1-5df2-4803-95a4-985e2c6678ea,3.972258,211.940402,1161.758201,2025-06-25
6dae0b41-dd27-4055-ac83-89e2a271f379,0b56498e-ffa2-4b6d-95fc-21b2048485f4,4.308060,52.650939,1382.3094879999999,2025-11-26
69ad96b0-58ec-4aea-9260-1242f2272d17,21ac56be-b0bf-42ae-89b7-86f2d453c2e1,0.789611,158.123371,1119.055635,2025-01-16
d39eba73-8814-4bfe-8745-77af37625515,335bc183-9798-4d22-9a7d-73e8d191bade,3.143540,497.652655,1701.789156,2025-02-19
859df69b-67b5-40c3-bf61-b513f0cecc89,5bfade58-f70a-4001-8e22-ca69662b46dd,4.517915,471.628378,1253.7190560000001,2025-01-15
278a4330-8395-4042-9c9c-9449760c4842,a05ac740-6ff9-4318-bba7-4141375b93b1,0.801077,205.281680,878.763768,2025-01-12
69aebebd-d222-4207-a63e-c780fae7978c,17fe2675-9ac0-4ef9-88ba-bb56dec0b75f,2.684818,497.101467,1850.523918,2025-01-26
76173ead-4298-41d2-9ef9-e01f6022f2a9,82e2f152-f99d-4156-81ef-50a65b9933ff,0.684558,98.214875,1025.929571,2025-01-16
7e74c06d-b2ef-4792-b123-f512f6472c1f,d14c07fc-6428-497a-9f2e-231614889828,0.050768,490.645507,1069.5355,2025-06-13
1a0d0350-075a-4e7a-aea5-3c6dbdd7fc2d,98b35e67-1b76-4c8f-93c6-5e03ca6771bb,1.165301,447.925242,938.173974,2025-06-22
4ca92908-fd67-408c-beca-55c5f27bcf90,cdbd8abe-54ee-460f-84b9-328b868fa8b3,2.243373,43.707635,1049.914583,2025-02-23
8ba8c881-db1f-4d8c-98b7-7d9626099fda,514052be-82c7-47b6-8de3-7db41bc2f0ed,3.656408,98.401528,1330.341643,2025-08-28
f916ffee-3f98-4927-aab7-2215a89b4b1d,d9718855-0349-4622-9492-cecb10bebfa3,0.879797,363.948235,1314.950359,2025-06-24
f4e5dda8-175a-4bb5-9b43-3e2bad6f1fb6,a774bae9-aadf-4e37-95dd-fadb9d045f1a,1.737621,23.127383,1445.926056,2025-02-26
47835dca-90a7-4613-843a-daa133fbc501,92cd0295-11d0-4021-83f6-3fc5403ade57,3.214724,410.542761,1598.852097,2025-05-06
a7602db3-2d4e-4224-96b7-426b931b6c05,c1754ff0-18cd-4ff9-9614-0d08e967343c,0.729901,129.147464,998.162594,2025-07-01
617b84b1-90c9-4384-84f7-3a4fe6b45f76,ccbe69ba-94d9-46eb-b356-a4e71cb38474,3.672222,460.244448,1461.073907,2025-04-05
0f7eb148-ace1-4513-a399-4016c61eec44,f7810a99-1f20-4fa2-a035-de3b61768277,0.111509,201.742107,898.222185,2025-04-05
49e8dc47-ff00-4308-ac91-a0da2a044bf1,d21518c3-bd5f-44d4-a03b-7572c2c7440e,4.793368,341.438559,1831.003542,2025-06-03
45798c28-7ff1-45b0-9056-6ca9c297ff79,861b26d9-2941-428b-83c2-c13a56146f35,2.589875,18749.674167,1826.870323,2025-11-26
c4ec4966-26e7-415d-956c-a331193a71ce,73c59a91-5d4d-4b11-bf5a-c9e53f1043f8,4.148971,366.551013,933.0557210000001,2025-07-03
1a4614cd-8536-40c1-a584-56389e6b2e5e,0d12bd34-9d9b-40a9-b24e-174ebe14ce64,3.494008,404.871001,1354.495243,2025-10-01
2851ee0d-fdf8-4c00-bce1-29135bc47821,06d112aa-a883-427b-bc5e-3ee29ac2a3ee,0.739382,494.589062,1275.465191,2025-05-25
8a9888b8-94e4-43c5-bd62-5a3ab752bafb,68e3a66b-c711-4d46-881b-c1a5150ec9d3,3.216524,321.029488,1192.859274,2025-01-21
69661c1e-7089-4024-b72a-39e6a42f14be,4e969ace-7cf8-4c9a-b18b-10e780f4c1d8,2.634971,58.693194,1430.121617,2025-03-26
8c990476-d172-4890-8eda-a326eafe53e2,6b91bd82-f074-47c2-a060-081a9b1e30cd,0.521873,3330.440478,1738.342668,2025-11-23
a853fded-e671-4570-83d7-c070fc7e23a8,02b49681-d507-474c-b289-eecb7e4da70d,0.126691,22.571203,1616.316683,2025-10-30
9480e61c-be39-4d5b-b526-6bd088d9eb11,5aa77c42-859c-4dbb-85e3-27e0b0b64fba,2.169047,470.623134,1486.086994,2025-11-23
4af4dac5-310b-4517-a2ea-5693807a582a,64620d4b-7227-4865-b084-ffb2a2a27a05,2.709615,173.754171,1505.209517,2025-06-29
633aa9d1-dc34-4bc4-9e21-b408b49adca0,e2431c12-f07c-499e-9626-7aff5e22b883,1.579126,201.460348,1258.306861,2025-11-13
1f9e185b-621b-4c92-99bd-0f86a42c5a42,460086d2-0a91-431e-9f39-5d8a25b7a2b2,2.663885,303.003061,1309.216102,2025-12-18
dab0cb8a-acbf-4acd-ac11-bc3dca5a27a1,33c1f8ed-5019-45fb-895f-c1fe83b2879d,4.231217,494.796935,1158.924267,2025-04-29
cd72f41d-efae-45e0-9848-058b62bf1617,71fa4f2c-d523-4c4f-96c3-d964059cb2f7,1.991308,253.937249,1409.826428,2025-10-07
221d3303-982f-4717-9274-467a278ac211,12a86290-5d1d-499f-b288-fa1ed4d641de,3.385821,460.256191,1037.1839320000001,2025-11-15
5c2d5d3b-fd55-437f-a7b1-958ebe3c4fb8,880fe733-9819-4e77-b5d8-2a7c50ccae32,4.745050,81.142766,1260.645769,2025-06-05
93779b09-7700-488f-98df-810cb28fc199,b9babd1f-3b5c-4263-a19c-318d2916cdfb,1.210461,96.185816,1424.214634,2025-08-06
39262278-239a-47a8-93e9-b48fd45b522f,1a89ed35-0ca0-4b03-936b-e2b0faa53361,2.354679,82.553662,1300.460505,2025-10-28
930b80bc-2ae6-440d-aa2f-9090bf2c400b,0ec7bbeb-a257-480b-89e6-8ec4b50f18e3,4.311203,403.656782,1022.168359,2025-08-12
f904b20a-fd04-4916-af7d-120503e07072,1cda56e7-eb9f-47ac-9468-8a6eca208553,3.070329,46.511454,1277.655195,2025-09-16
131ea0fc-d3eb-4521-baa8-ef5cb6caa860,9369574c-21c2-491a-b82b-5cc1d003dee0,4.590374,86.102858,1492.776285,2025-12-24
39282adb-5f1c-4fff-b978-73a62155eefa,0ef23e06-705e-4e69-a963-7f967b6fadc2,4.873424,251.750525,1385.3316829999999,2025-12-19
478e4406-d6dc-484f-9d4f-b593281b19b1,f3ee03ea-fa46-4e3c-b3f2-f06ba10d6b6d,3.182607,443.051267,1200.426469,2025-07-13
062ef804-0124-4e37-a768-eb5065c053da,ae61e6d4-18b9-4bb6-9403-a1abdc467c1e,3.002261,103.877731,1495.2834950000001,2025-10-17
c2f2a7d9-cee2-4b58-909a-baf2c9e048af,f028b169-a210-488a-ad4d-56a29374d410,4.801067,90.403266,1584.922348,2025-07-02
0ea89d2a-bad8-43f2-b278-3c8927c26ef8,c7200299-9683-4c4f-ab7f-34cec28aac6f,4.445990,386.268434,1524.230477,2025-01-18
6b87996c-5b4f-4cf9-8c59-67cf3731ef27,85ea44ef-ab0c-4d5e-b78e-87b63c6ff71c,0.826376,42918.320103,1699.672897,2025-03-20
f524cf37-b453-4cb0-b309-ff5077a29570,6513bcd3-d61b-4b1c-9288-eea0cdb0aa7b,2.044228,306.700363,1534.607444,2025-08-29
aacd2a62-866c-4e5e-b44c-13824ed5e1ec,5ded5e5d-7b6a-4a9b-b850-6b7010b51acc,1.285957,181.266609,1370.594686,2025-08-14
2244555b-47ac-4a06-9f8b-b6994b54f82e,aef4ab85-3cd4-4421-93e2-77c697ce8eef,3.428185,332.958266,1432.444477,2025-12-24
565612e4-64f7-47de-a7fe-51c7ed397f0f,454f04e3-bc46-4018-ad9f-0d59c86b724d,2.473259,123.045408,1326.809003,2025-07-11
4a0f7d02-55b0-42b9-9283-ecc4c93f7915,c7a70fc0-51cd-417f-95ee-1ffbd2724386,2.471537,76.103564,1151.589364,2025-09-03
6dcc8799-5047-4e51-ad66-eaae2df2fa8e,1c2f35e1-02e7-44e4-8ac8-526c70536efe,4.836711,30.651309,1702.741969,2025-05-19
a5cab9e3-7d97-4e1f-b9c5-667f35657ddf,b6ae7dac-e14e-4937-8d97-f93c3082cc0e,1.595281,328.853283,1527.121786,2025-11-12
3f46806a-a146-4a8a-aa56-9e1c47b84313,e8c722f9-5603-4c82-b3b6-e9fa9443f389,0.145059,273.529002,1451.958834,2025-06-25
34a70530-2215-4496-a19f-bdfeb718b93b,060a6ef2-af68-4b90-b91d-a5a183090b04,0.551192,286.595996,1439.250212,2025-11-04
6d90771a-68c8-4860-b31f-09a4f0c59b4c,e24472c3-1421-40fc-986d-8402cf0def48,3.575379,326.843111,1209.401991,2025-01-17
6c3bf064-f70c-4d4f-9e81-700f797c73dd,d8c17af5-dd9b-4cec-866c-4ff4c53e2309,4.700007,284.362403,1547.1850180000001,2025-09-30
790bf7ed-0d55-4ff7-9c5b-18f482ef4949,dc3f4958-319e-4e9d-bc0f-fa860decff32,3.013009,442.441092,1179.461092,2025-06-23
8f337100-958a-4799-a048-71586bcf0180,2dfc5e92-68d9-42c6-8d58-335231ab40f8,4.086144,151.051356,1369.2005100000001,2025-07-24
8cf1e437-7a71-463a-8486-5a7c4a035094,47e7e71a-9ab8-4e35-abc2-095e03892f16,1.003090,430.622793,1593.724094,2025-06-12
f96c1656-bbf4-4e2b-a4e9-71a5d3111a95,0ca43989-9c8c-4276-8d6a-fb3ecf7c8fe3,2.418584,131.364711,1647.220791,2025-04-17
f38eec6c-7a27-431d-8083-39f8e61bdb8d,5f44eb5a-6c49-447d-a40d-345aa2669660,0.520294,285.836522,1491.515658,2025-01-26
3de3c866-ed40-4ef9-aade-5ee187773c8d,db1fd3c4-3336-4923-92d4-719a4cefabf2,2.713199,153.528127,1128.128161,2025-08-17
ab621893-fa2c-4ebd-b455-a081a7a5d7fd,4bd8c0ad-c0e9-4f64-a0d0-d2d39387450e,0.288978,172.230824,1072.322721,2025-10-16
8ef1242d-4dc9-45d4-bdf3-50b4cc4019f3,ac152c2e-e74e-466a-913e-38aac0c93cf2,2.853116,348.729522,956.836188,2025-11-21
65b132a7-1d6e-45b7-9bf9-f311a8ede780,1e6966a1-df9e-48a5-b6da-5c18d02af6f4,1.238117,239.151230,1140.617399,2025-10-06
6070bfef-2b1b-4e62-ba8e-e855d614a23b,a2a9b4d9-8bbc-4b82-abd9-179569238ede,4.366471,421.189767,1153.658024,2025-01-13
50b3a29d-55c2-42be-a649-14cb67cedba4,dc4c329a-f460-4077-a6ce-4b747b9cb2f9,2.457305,0.310639,1153.918161,2025-10-06
6bba3de9-f1e4-4503-acdc-9305597be614,dd4ef8b0-906a-4576-8632-efc2244534eb,4.607182,13109.576566,1285.380159,2025-09-29
4db13d5f-615a-463c-b38a-02114cecb31c,ec6b2542-a6cd-4efb-94b2-4eb19156e3da,4.273763,207.506187,1154.768874,2025-05-16
cbaef862-24f9-4888-bac5-aadb5a5881ab,c934d6f0-f32f-4ca0-b566-266802915516,2.495731,298.632984,1180.215287,2025-10-01
518dea89-d2e6-486d-b963-f467c67f307c,1b081963-133e-4b5f-88a0-c5f3d64f5583,2.484247,56.145545,957.810021,2025-08-21
73e8979a-ca4d-4356-b97e-d95b3590bde6,879b2a65-cbc5-43ad-8baf-c4e5329c25b1,2.630815,51.020588,1017.34882,2025-11-02
c1cd65f9-1ac2-42d6-8213-094c6a2f8d0c,6bbcb860-e94e-4a26-9284-6106297a58a0,3.993391,415.596319,1708.597685,2025-07-30
0af1b8c1-8e3a-41f6-8a0d-d9e9c2603690,f4de902e-c3fd-4fb2-8b17-c08189247e32,1.864745,27005.339408,652.147459,2025-01-28
aed76e26-5f1c-4520-ba92-15c1d36499d4,35696235-7508-4f09-a057-45f70966982d,2.071692,450.008584,1548.338401,2025-01-30
98fb7b0f-be9a-4fa8-8d3e-3f7da9895d2a,c62e6a64-0302-4253-bca7-f37ffd9748a5,4.142650,472.857025,1054.822692,2025-06-29
a76bd5b1-59d0-4d5f-930c-d7f7f59bbc8d,1c1b6c07-c378-4709-bd03-60035eb61192,4.800915,341.785780,1571.076451,2025-10-23
bdba6ff9-f705-42f0-8bfc-d2571ce26c21,28a0498d-88e2-4aa6-bb71-053d14684575,3.002848,40.986956,1187.530866,2025-11-23
876a354c-c70d-45d8-a986-40a488fea5b2,88583a42-3df6-442b-a26c-bfcf157417c1,2.399502,334.096866,1149.946396,2025-05-15
4d4d8a10-0cb0-45ef-82f1-6898eb280df3,59f800da-e19a-4a4d-bc96-f2348fbf53a6,3.048025,461.566235,1266.092081,2025-03-21
caf71a8e-3bc9-4655-a382-72d9189b409c,504d642f-3630-4ba3-94ec-e079f7ebe0e2,0.300119,55.996390,1269.31893,2025-03-28
5e0886bc-b306-44b4-9ca6-a7e7827194f9,2e920999-71a1-4273-97d6-4b9226b02235,0.098729,118.274561,1394.727887,2025-02-27
b6421736-414e-4c4b-9093-f7e76d475af9,a4cd9d10-a11b-4bd8-abda-ac68ac6ef9bd,2.569141,98.904446,945.025678,2025-09-14
638a3257-b72c-4c20-bbda-a1188007002b,e73ed8dd-1ffa-4ec9-ba89-8b68c283d66a,2.849370,246.940202,908.061865,2025-04-16
6e633158-529d-48c9-8f88-9e45506e410a,7dac024b-9fd2-40ca-a540-31ffd05b685a,0.389910,19.392704,1452.087278,2025-05-17
1be13623-1d89-49be-9d83-058f6d7b053d,c0022e02-84ba-46d5-b4c5-9363f14690b0,2.556863,343.479997,1216.510413,2025-05-11
c62beb74-bb5f-4a3f-8171-392d401dea47,8894ea47-718d-4c8c-897b-246ba31cc21b,3.609451,51.594379,1662.268122,2025-03-12
ecf96251-9acb-474e-b502-5851e4a8f919,f92d961f-c429-4eb3-b06d-a6b0769f0113,2.010649,141.873804,910.6927049999999,2025-07-01
0e4d6bc7-278a-45a7-a5d4-56fb41f4dd89,f6fb7596-58af-401e-b5f9-57048cbf8448,0.944418,496.109602,1831.7704860000001,2025-02-25
0b9e9ba9-3d57-48b2-a590-e2588607ee77,44d31d45-6640-4500-a78a-ddb48a9cd3d5,4.950730,69.299926,1277.756193,2025-06-28
0f20bf84-a309-42b7-b4a2-a4d498189dfb,dbcdfe3b-0069-4825-9fb2-6a194909942a,4.713464,49.132797,1318.316671,2025-11-30
ae69dc15-39ea-4ecb-9edc-715dd6305854,08682228-a179-446b-949b-7b45f66442f9,4.657551,197.350088,1233.4345270000001,2025-03-24
be833913-3d71-4909-b6ce-44369281548e,6ecaa73f-4914-413f-8265-b551df56fce4,4.064997,294.305331,702.413363,2025-09-29
dacee98c-f433-442f-8d08-073d16e9bbca,5cbfed9c-f922-4fcd-9972-845e7d96154f,1.988375,419.034443,1232.430422,2025-05-24
177acada-242a-487f-9da8-2abf90ab8c19,405be575-5001-4587-8724-6e3f52ee209a,2.021015,75.621496,1262.490405,2025-01-16
0824afe9-33f0-49c9-b1ab-00aa60f790cc,7568855f-e206-4ca3-bb45-957115aa7e66,4.463906,145.515233,1152.037979,2025-08-13
5e31f842-e6cc-477e-8a70-87eaa41dd0ba,c040453b-e7fd-4119-a929-81e159054267,3.172861,451.473934,1102.082891,2025-12-15
d729b426-c824-4e4f-992e-f9d29da7b6ca,7607010b-e647-4fb0-8eae-9d95a30d4044,4.396069,152.924581,1172.654415,2025-02-17
9e817e92-0827-496a-a450-a51c1f42b462,61579c84-d2c4-44ce-8dbe-e13432b1fee4,0.467082,239.350048,1727.628625,2025-02-24
fe05a454-b25c-4ad4-a312-ad9c15c3bd6b,d744a0a2-3be1-4c26-9410-7964668d88d0,3.063394,190.495063,997.579751,2025-01-26
de6f3413-1a1f-41aa-919e-dbaf41af742e,1d230468-0c20-4481-8617-04418398b6e5,1.045056,482.823243,1221.770209,2025-12-17
8d1322a9-2a2f-447c-a213-4c5ebbe3e33b,f0840c03-17b7-4d29-a0f0-8df89e52969a,3.508094,84.673698,1434.895781,2025-05-14
d8048d6b-e3d8-4754-8ae7-0a9b927e4c86,ebf030b1-091c-4da4-8c21-dc261d6abbb1,4.785830,38.480631,1207.770287,2025-07-09
7a70d82e-ede6-4168-8df7-22e82e2059f2,90196588-bfaf-4e00-af03-535455d9ddbb,1.239571,397.959247,1885.352919,2025-06-26
c241ff98-a62c-4b4b-9b95-ffbda46bc6dc,e75b4733-413b-43af-bee3-3dbedae30daa,4.837316,330.612771,1181.166974,2025-11-12
665bdc7b-16bf-423f-9c81-63c16cfd87ba,78e3973c-f32f-4c37-8f84-9d8d2c097c1b,0.340757,402.461171,1533.947598,2025-06-30
1b139e2f-6867-4979-85eb-aead27eac4aa,f4d6eaeb-5a5b-4e87-b6de-6fc70f5d7cdd,3.372808,225.426572,1676.158244,2025-11-21
af103a1e-635d-43f5-95e5-bf665d9461e0,021a3e23-0b9c-4abe-918d-77f9f6d964d1,1.441103,305.611914,1628.92756,2025-10-02
c4cd2620-7fd8-4828-ad07-80a374351a71,fa363125-b0bc-442f-9f26-4284f3c81b8f,4.620255,260.400843,1185.1743199999999,2025-08-26
16e136fa-8747-46ff-9f84-6e4c29a96c26,1d3b72c3-f95a-477f-a248-0b8bc167d88f,1.509968,294.923437,1021.327009,2025-04-24
8f969585-2dbc-4bda-9528-03c20577ba29,d80010bc-7215-46b3-9286-919b3f7f6124,0.498488,193.550812,1074.280493,2025-07-22
0aaea7d9-6e58-49ea-ab47-8626dca87ea5,16eae97f-3251-49f1-a7a7-17e5c923a21e,2.990234,375.487933,1318.264464,2025-01-15
2526e157-021e-4323-bb61-12de97fc8edd,98d8fd9e-dcf5-4e5c-a7e5-c057571e0a76,3.087809,157.789307,1323.383688,2025-03-25
0be17287-7d72-4b17-a2cb-1c5aa1679675,54dd2ef2-ff4e-49e1-8eb1-d5ba3b82212f,4.073684,375.332938,1399.437985,2025-09-27
9b567466-1e13-421f-9681-5f475bd50f10,99b19acf-718a-40a4-b438-3c9c10aacea6,0.661987,227.945436,1278.304241,2025-03-21
8f40a68e-e09a-4ac2-aa32-b6f93944e755,a3c7c81c-0354-458e-aaed-9b30d7cd8a01,1.593359,478.257678,1081.061855,2025-09-30
bc51b0cb-49ac-4a12-a6a3-23e617f1210f,5f691744-e597-49b7-9f51-d86870ae8715,3.682583,33969.077835,1140.35528,2025-04-09
7fd97a75-6b4a-45ce-8852-4311f569ccd6,70ff30c0-de15-4b5c-b908-f62c9b1b774e,2.558326,392.733290,1319.350468,2025-06-12
410b6716-a67d-40a6-bf5e-10edb2d6b670,6585cc5d-7a8a-47eb-97ba-0d7026ddec53,0.283700,84.820330,1000.719605,2025-06-26
d9a33c4c-8c02-4e9d-a59d-4737068a26c3,f4e21a31-36c0-4e64-b4cb-2f87a757bbd8,2.695790,374.399970,1464.532667,2025-01-31
d824d2a1-fff4-497d-a1f5-1b6e1b355219,b35c01fe-fdc3-4451-8b3f-41d41df9ac6c,3.825630,121.540347,1090.245233,2025-12-31
c5d1d528-41af-4b05-9ff9-c4f7bc121e7e,606011da-0f65-4c29-8816-2ba9d89e9c6f,1.211634,13157.839105,1291.570282,2025-03-02
2c953d65-28af-4b8a-a001-70555e7ef19c,e95e4672-051b-4727-9091-ff5935d727a1,2.760238,300.411083,1436.371105,2025-04-14
901cad9f-971e-4fea-9e61-c926c15a8e61,32a777fb-82fe-4f3b-8afc-03da46f4ebbe,0.813261,190.762750,1363.727886,2025-03-01
f1a5639b-9ea4-47d0-bb9e-3b66473da28d,6051c5da-0771-441e-9dc5-3df78a887627,2.912367,67.188797,1303.1807450000001,2025-10-27
e2c126ba-98c0-4a2f-ae2e-c0c37f48364a,bae1aaef-4883-4bad-8c12-c6024e3300a1,4.251324,446.519052,991.980633,2025-07-26
3fd179d0-ec71-4f96-9ca9-f77f29acd5d9,9bda5a78-b5ea-4cee-b55b-1532f1a628ba,3.104739,293.052284,1097.3898179999999,2025-05-26
99f7244d-5ab9-48ec-91a3-d95020d2ad11,b1d50e3f-0d02-48fa-9238-aa63c06ac6e1,1.105388,381.130307,1892.880649,2025-07-23
c4e07536-25e2-4b35-9223-a3d434a85465,8ee04e0c-af27-40ab-99db-a05a972ec53b,0.248317,496.394111,1193.120066,2025-11-29
1338d1f4-a7f8-4bc6-9302-c3e872d80f27,5397789f-17e7-4df1-b7cf-ee432d97fc78,3.813287,357.365610,1181.025516,2025-03-08
11ebb42d-eb17-45c0-bdd0-f4516e6861a5,3de4bbee-d011-434e-b7f2-7a91f2dc825f,0.291923,116.083401,1110.772674,2025-11-27
db56b3ad-cb23-4fcd-bef5-e787f9c1205c,584d8655-3762-4d96-ba6b-e05fc670abfb,1.217132,235.582690,1312.118269,2025-02-18
ca9679d3-80c9-4349-9777-ef410a186ac2,557ecbcd-6707-430c-a8aa-04107586f197,4.667136,49.684823,1233.648126,2025-02-09
24147edc-e46a-4e46-8239-f386ae52c9e4,a95b358d-e275-49b5-a866-756d1bed0fe9,3.951038,31.750903,1706.344798,2025-11-29
6c565e09-6f88-464b-a06f-026ae51065d9,6befc4f1-802d-43d4-8e0b-b0d5476b5802,2.464909,29445.412696,1497.443973,2025-07-18
59de269a-fcec-47e9-bbb9-e5358f184620,e7e1b040-c468-4100-bb94-83b648c74c01,4.275405,197.363076,1255.175463,2025-06-06
11273855-c331-4476-8361-798500d9a8c7,925a5c9f-0bcd-4ce2-88d5-ec9dcc363e8f,3.521894,344.353969,1291.922802,2025-08-14
6f1564ed-66d1-4cd7-a75d-1d8cb57fc0e3,3ba8e9a9-9be5-4c4e-91ae-967d5f391073,4.326753,82.878150,1197.349906,2025-08-14
13400608-01c9-42e5-955f-687756dbbfba,128bff3d-4c76-4a86-b068-630c840e0189,1.308581,203.904971,963.043865,2025-01-11
2c66ab15-137d-436a-bedd-4a9c599f6814,51a65ffc-488e-40fd-9f0e-b5ad0fb40d20,3.715785,384.542980,1154.331814,2025-07-05
4e0e4117-a279-445a-b823-55658bbb73fa,5d11bf50-31c9-47b6-8728-2e71955f9d9e,3.749479,342.868831,1881.372599,2025-03-01
cfe71689-908d-47a5-a448-33e38f17fea7,ddbe2347-6f72-42dd-83d0-96379da9c0da,0.019277,168.789069,2162.797752,2025-11-30
d992dce5-18ce-4a95-b8ca-6dd8d7b6d09a,a7d0f8e2-d6df-4953-a0c7-81b975aca52e,0.974916,11.975639,1549.810082,2025-01-22
9bbeb8ad-3639-41e8-ae40-e673c4247e75,99cbdec8-6181-4559-b63c-57e2f661a876,1.116244,351.537989,1114.285173,2025-12-30
5035bb14-5e4a-46f8-a8a6-1204c37ffe3b,098316b5-f707-4f7b-bef3-d6bebcbb24bf,3.886702,115.807263,1668.681896,2025-11-13
4975e241-fd67-45fa-bbd3-e7e64b35cbba,f61ca438-ec7b-43ca-b87f-8370411ff4dd,1.796485,93.195729,1250.513775,2025-07-03
9f7b5997-0381-4401-a0ae-7c5c655b1606,c3d2e2e1-2463-4077-8b7c-0d0dd705beb6,3.162334,122.896645,1273.432235,2025-08-28
8854a4d8-d558-403e-a3cd-b6a3c5ccf008,547e7986-dfb0-400f-a68d-9f5921347c6f,3.611348,125.463840,1282.80351,2025-08-25
a4835ce7-1b5b-4540-af69-3554dc0b78c4,93c5213a-d5f0-4f3b-a812-942b1ad4bdbe,3.420365,435.318521,1084.520524,2025-03-24
3fd43d10-2316-4137-867e-9f9e077bf705,48c8524c-b326-44e1-91a4-1499679bb6c0,3.679895,295.187807,1629.860191,2025-12-04
868d045c-ce01-4bf2-9612-4590150c170f,42fe03a6-b119-4fcc-9431-61852e02be94,1.272673,37.891029,1517.688202,2025-11-09
4b03fa14-72c7-4ad0-9f88-920a963cfbf5,a62ed731-3b80-406a-9786-b9c5c0a8be60,3.222212,410.051321,1456.931343,2025-04-30
6e9a01f1-cd2f-425c-8bc6-2316a475363d,8c8d2d16-0ad0-4636-a21e-b2aa4dcbcd57,1.037796,7.225213,1341.372944,2025-05-20
9120cfae-97d3-473f-be41-8a5d4f016910,2ea7ba60-4f40-4e4a-912a-743e9d8b9c7b,4.383736,455.662153,1212.508631,2025-09-18
0c4d5038-ea67-4ebf-8232-368c169066f6,8ddd95f8-c330-45e7-b76e-c451814f57c1,0.045843,205.656595,1433.772041,2025-12-05
d4db247b-4d28-48b2-8a00-4ed0ec78666b,4e7a029f-eee4-424a-9f64-73e3a92d92c7,1.544277,258.548546,1573.425669,2025-02-26
c7548cb2-14bc-4f59-ab56-14c7239809b0,6ea11025-d8e4-4ade-a66d-4af19f1dbdb2,2.991401,163.781071,1153.613076,2025-09-20
11d21d13-4603-4021-9022-cf78d2db5d17,45c3c9e9-69ed-4efa-8d5c-fa9ad96e8999,4.790945,440.981383,1310.20269,2025-08-30
c7b4a0b5-2a88-4ff1-8510-839933d4b04c,db8ffcbd-543b-4f03-afc7-5dc0839881c1,1.996503,20931.721946,1459.894188,2025-10-07
42997bb0-fb0f-4bd0-8f44-e703d4a70f43,b34fefee-ece4-47ea-83e5-197990b7f1e6,4.337929,309.401899,1167.884192,2025-05-26
9c944e16-3a24-4e59-8158-3b2f900de7f4,3293e1fd-d4ec-4e47-b735-d0568f24aa86,2.138356,376.331675,1433.598289,2025-01-17
faf98ebd-cfd2-468a-b3ac-9bc5acbef9b1,48db48fc-eea1-419f-a39e-50b118dcb899,2.138680,138.862710,1735.903392,2025-10-15
0e7fe77c-65e0-4cc6-aa0f-2416d3f60aac,e0a32bc6-fed6-4cb4-94ae-371cb26dee9c,4.272216,484.329324,1793.558118,2025-08-21
7f69aad1-6aee-4bdc-8f17-ef1bc5fbcf71,2d0b5472-54f6-447f-a788-6ac34ebb817f,0.052523,13514.824640,1267.371979,2025-12-25
94845a0d-30f6-427f-bf40-cdeb10390e70,8b4b0110-03eb-4993-9bda-4c7726cd293f,3.865817,383.732228,1851.855014,2025-09-01
6666c160-e32b-4e9c-8fc0-6571b71cd956,d4b9cd2d-2808-4c97-a61a-0150058f0e50,4.606631,463.856572,1498.567607,2025-03-17
e5a16360-b7d7-4f54-96a1-17d00a962d2d,f7f35462-46f8-429a-9a78-ee89e6440d6b,0.134074,328.766116,1333.880923,2025-02-09
88b00d20-4766-4dcf-918b-f251934f9497,682570ea-70f1-4129-b251-a9c26a780338,0.575931,484.913065,1314.2037,2025-03-14
a0f0b1fb-1c42-46ab-9103-5668063cc89f,d99b8ec9-6e90-4e0f-bf49-c4b01a819c01,0.965530,293.108191,966.79786,2025-11-17
bf8be7e8-1c37-4723-b9a6-0f539eccf62e,a4fd7598-1972-406f-a03c-a8757502b5e9,1.921541,77.764991,939.445924,2025-08-10
dcb2de6d-bd12-4654-9bb3-4f75f6b0035b,0b3c9a2e-8e1a-439a-a1ca-787a917d1c09,4.593153,109.377784,730.797961,2025-05-21
c90be384-bf03-4d74-ae7a-397bc5aa3e4e,5bb45be9-9f2a-47f1-9d46-f7c958fc7655,4.860490,318.303362,1637.331925,2025-11-11
0c88208e-2c2c-4412-bdd8-2ba7968c9d43,28dbe6f5-4285-4d1a-8f19-3e4042cba77e,0.266360,33.313457,1087.602149,2025-12-11
b78a35dc-bd8c-4303-8655-7cdcd08f1478,8edd2ccd-6974-4230-9ee7-b2b3d024c5c1,2.467916,118.238488,1553.625013,2025-11-16
50012bb2-5469-41c5-b8ef-a0e4f038971d,793d6b81-c695-41b0-974c-e2962c48649d,4.316832,339.821134,1386.754579,2025-08-02
1584d5ce-b15e-4dd8-a69b-06f239fbc6b3,575470c4-fe6c-4a55-8a78-780040a4c5f7,0.494895,324.237153,918.194479,2025-04-14
b801f6aa-9b44-4d64-be83-6efaae6dbedf,78ff1993-575f-45c8-99e4-04caf06fe7f5,1.071827,443.200211,1305.404619,2025-07-28
751e40e7-fba7-4246-85fa-c7846698088c,b9b2e691-a309-437f-9ab1-478591373190,4.436389,382.968737,1216.142404,2025-10-20
402bcc62-8b67-4042-86b4-800eb81ce714,c7d6bda1-6c1e-41da-93ff-efcf7eca4913,1.740727,285.384423,1058.0256,2025-03-22
49db0afe-e011-4dec-9e7d-2057ee06f7d9,7e428e65-7876-4241-b0ea-194ca42d605b,0.572485,71.288120,1499.892896,2025-12-21
3a78288f-126e-4fa9-82f9-077938b502bd,ab38084d-8909-47cd-85cf-46d8fc3a35f9,0.711309,37.702928,1543.707932,2025-11-30
f7a4930d-6db1-4de0-8b4b-3ed23e81e719,424c4ee7-bf85-4925-935c-999139018156,4.175136,362.096660,1141.084086,2025-06-14
cd95c81e-5140-4431-be5c-521fca598ef9,1bed687e-1cb1-4828-98b9-ab272616aa56,4.202356,422.685380,1048.671579,2025-12-22
c7a9ccf4-7026-401e-b951-d7ad1b6a3fc5,efc784f5-5dd8-46be-a899-571c2185bffe,2.643183,215.927193,1091.518146,2025-07-13
25dc2cdc-b8f4-45f9-bf5b-8f07b89333e2,bfb5d09f-a226-4351-8fcd-77ea38fd3a95,0.797281,226.035907,1249.398814,2025-04-16
2b85c534-d445-4be2-9f01-6454cd846018,031dc71d-b3e3-4368-bd0f-de6f7b99e937,0.122905,162.900442,1511.934671,2025-10-07
fbf16cac-346f-4ee0-932a-ba98ddae7e19,540cdbaf-fc83-4460-b2f3-5c53e8acf0cd,1.041096,75.944676,1021.946281,2025-01-31
95c28c76-4546-4f00-a1dc-49e8f537f498,8bc0afc3-3a1a-454e-80ff-09a9eee81a9a,3.451232,10829.028215,1198.874568,2025-06-29
68d2c5e1-fd34-4052-b20e-b26320a95012,6be45b54-9662-45fd-a160-a05b5c3764be,0.712344,46.024501,1124.645021,2025-07-25
e6668388-57d6-4f96-9aff-e4ac61772a75,aa4a978d-2c92-400f-b851-419f2bad5ae8,1.015404,32.382774,1010.108572,2025-09-19
f64eccc1-77b4-4b53-9974-64fc100ed962,a6212b45-ef51-491f-a522-282a31789309,3.540019,17.015449,1474.8127630000001,2025-10-24
fce1b24d-2acc-423d-9b0c-2969bedeaf02,dfe82ba7-dcb2-47d0-8f33-d371f17a32fc,1.414055,348.037424,1077.174487,2025-08-30
2ab1e4cd-013d-4282-a941-7f3369ce0299,ab95014f-b97a-4a07-a887-37b522a32732,0.848924,283.563488,1118.63687,2025-10-05
e39177a3-965c-4e57-8389-c5271bf3dad5,a254ff5e-3854-4b9d-9de3-cec7643db5b3,1.082479,17.643589,1959.969038,2025-02-04
578eee62-bf9b-42b5-b32a-52de336a8316,7afb1d9d-ea55-4e81-b3d0-894db49a1238,3.520721,202.350779,773.878289,2025-05-02
32d4f4d8-e343-4d58-aeab-603aec2fa73c,3cceb1aa-56a2-4b1b-b4bd-1ba4623b0c2f,3.862397,211.096533,1494.955893,2025-11-08
e4f93b37-5137-4a0d-8a92-db7e84373490,4e6f2f07-e1aa-46ed-b9b7-94ce68aa0be3,1.019894,9.107748,1140.720209,2025-05-25
2a34e66d-46a5-4490-9aca-37ced3a395bc,562d40ce-6427-46be-82fc-5ac961168eca,0.352757,234.896892,1182.291818,2025-12-24
1115d9df-227e-4530-bd5e-5577050e7976,3edc25d7-1b4d-4dd9-b42d-cd854c7d2061,4.851181,42143.105804,1294.040729,2025-10-07
54c1b0d4-66c7-43b4-b1b6-866fe08833da,caa7f350-3256-4a22-a94d-6614742cabdc,0.060817,40.513432,883.455972,2025-02-03
2d96cc9f-e8e8-40ab-b5f5-dd900e4ac963,bdb30ec9-732c-4efc-9d96-d3a409c11737,2.047185,268.570481,1146.21392,2025-07-15
ae38456c-83fc-401b-8d6d-f5ad557af00a,c3115e34-a0a4-4c82-a29e-5ecee79c3728,2.864747,95.469741,1176.255202,2025-12-05
33db5b94-4e69-4d4e-aee4-668a81df724b,f4b48ea1-b26b-400d-a0eb-671a8e1e052d,3.535920,379.672983,1641.788484,2025-01-31
e49f748a-64fa-4f62-acd5-4a6be4601369,eaaf7403-83bc-43cb-982a-e61664f95507,2.576467,51.476294,1227.816044,2025-03-31
440b2240-e7b7-4603-bd08-cfe92e5b9e03,f9df1e5d-c010-40cc-9771-7fc378fda4f2,2.152907,105.695537,1250.210792,2025-01-09
f3ad538e-ef37-4ace-b9a8-cd8b3288b17b,6239dcb5-bb98-4a19-9992-1b027e248577,4.287653,461.225375,1657.244693,2025-09-06
5ba71ad7-c050-4e0c-8a75-82570a4e925c,a36f5e71-1a0b-4d66-83c1-8de4e2205e96,1.983191,90.758598,1141.102782,2025-05-27
02a41858-ff02-428e-a280-98bcc7973f0d,2ee132d8-a936-4247-ab42-ec18b700d071,1.402702,309.045961,1324.814013,2025-06-17
9b4e6dac-04a4-4c0b-8d0f-3b5f94666135,1fec47b5-dba9-40ee-9f8d-477661dfb232,4.640657,170.496669,1468.932063,2025-09-04
492b3ffb-cb80-4535-a559-dcf78c20c86f,0569b9ba-957f-455c-ab16-188c546eaa2b,2.711149,324.566089,862.44504,2025-01-21
29573894-5897-4943-910a-3927e5367290,7fd322c0-2b37-4dfb-849e-5c03c3464f5f,1.010703,17.942470,1346.963862,2025-12-19
d91c387a-d2fb-4c95-85b7-6166f0fc82c9,8202cae7-396e-41d3-884c-036692b9b63c,0.527687,180.042719,1025.337931,2025-08-15
f8c262e0-0b42-4baa-8af6-0ada7e1de7aa,01c1820a-dce3-4e17-ae44-88ffd9d79904,0.432712,467.880711,851.022228,2025-05-04
90b7171d-bd90-49cb-a0ac-641b09ef289f,bc9fcbd7-b6e5-48a6-9948-f34a19edb996,3.221769,416.936037,1218.0471459999999,2025-12-19
43065fd1-39c8-497f-a4ab-4afd41ca05e9,324f4eae-279e-4807-a817-762de6988fab,3.136768,262.524983,1307.523356,2025-09-16
a2c96a19-997e-4019-b1c0-54cf3134516b,384d1384-294a-45e0-a754-168b8ccd548d,0.925465,140.781664,1086.770776,2025-02-18
8c7795af-a500-490c-b254-450a8a075473,104feac7-9e96-4d08-97fb-1d158ca1ee94,0.876440,486.603381,1398.833573,2025-06-24
c62168b8-0a9e-4433-9571-0e46a5efe4f5,2221b17c-a6ab-4061-b045-0a587ac0d470,0.705521,219.820101,1194.17652,2025-02-12
c2407edc-2ee7-4683-a5a4-d6d5d3f8b2b1,f17ca35c-cc6c-442b-a6b5-08c3b07a2200,0.414856,457.892448,1343.7514079999999,2025-07-28
06d60979-ff7e-473f-9008-907067ae9576,75f70e6d-5463-47d8-893a-f289fa3830eb,2.299709,324.117418,1218.3042599999999,2025-05-19
88f10fb9-1d9b-4c03-88ce-b5ac80839c9a,aa777ccd-1e86-4e71-9f02-04ba6881869a,1.726204,307.258391,1364.831373,2025-03-03
0fc06992-172e-479a-bbb6-45e4ae294836,3dcf7fad-be57-456b-90aa-7fd3a2c464a0,3.874981,435.794086,1586.127887,2025-12-04
329ee1a9-2b46-4305-b937-27d29f5e8456,70a57cd2-5bd2-4b44-8982-7b04f2be3366,1.808631,5.164174,1269.727572,2025-01-26
b8610c06-e77b-42c6-b8f3-c74d452a3422,cb970d20-f6da-45fa-8053-47803790f5a1,0.483402,488.533620,911.433624,2025-01-30
8c440649-6978-43ea-af4b-6453cf878943,ef3a6675-bc3a-4f4d-9850-4bdec4471081,4.093986,20.373282,1529.321245,2025-08-24
7d539f8d-dc3e-49e0-bc7d-16fbdd79588a,ec9d8868-8249-4d65-8223-343145a88e7f,1.938542,169.997944,658.6877979999999,2025-01-12
998486ab-e835-4f22-a017-5c37408ae201,962f678d-fb65-4ec5-bfac-eb340ab80b0b,2.745348,248.141789,1175.913423,2025-01-24
5c0d5c70-9f45-438f-ba9a-1bc968a89ce5,d1b66cae-4dbc-411e-9812-3f7701538ce7,2.545713,318.423724,1292.37356,2025-02-25
3c4d4bd7-6869-44ed-937f-cdd30be33ca9,32c74982-6b14-4339-b1ef-cdab4763678d,4.798419,75.865050,1267.976282,2025-08-06
0c9b8859-d98c-41a4-94f0-19405b2a3d9b,ec4e7091-32c0-4b88-b544-dda3ca1e0c42,2.364193,425.428033,1544.033147,2025-07-03
0d03f1c3-6303-4cbf-b31a-c0c5a72f5b99,204412de-35cf-4ac0-8b63-fcf0c547728e,1.603404,479.706310,1351.0419140000001,2025-04-28
fdaf60b3-3f1c-4481-b686-647745263785,52881a79-fe82-4600-afd5-76037fe7991f,3.846164,475.698424,1120.629739,2025-11-30
4f4d49a9-18b3-4955-80c3-c59157eaf57a,7b4990ba-1027-4c07-80cf-20a7d1f0ff6a,2.119517,105.811422,1585.036932,2025-04-13
21982254-6450-4d78-bc0f-74c5754fed1f,38294aea-04ca-46a5-b062-570246c90290,4.602112,36.799684,1548.475605,2025-09-21
83e038ef-e9b3-4433-803e-61f1353ad3de,001d71ca-707e-4a12-bf5a-fb8bec4b16b9,3.813301,403.460925,1107.205761,2025-04-17
13eb8656-6ad4-4e3c-86ba-9659551b9d22,be4617b5-2f3a-42d4-a0b7-29281b9a5980,1.110585,126.031546,1139.453136,2025-04-09
6c7a6531-a707-4b76-b1d6-b78cdc39a1d9,05e33458-c541-4e87-bbae-9ca997e244a9,2.970656,185.739330,1302.696,2025-05-19
49e9b4bd-8144-474c-a2b3-63b452e80ec5,b12199e7-bc82-44d0-b5a4-2a7b80709554,4.550702,361.526641,1268.811644,2025-03-05
33232147-41b2-4a58-950d-88a3b4f6f68b,f65d452b-2d9a-4e65-8ef1-62138e7a5b02,4.712489,143.022604,1402.666928,2025-05-12
bdcdc8ec-e105-48f0-9088-407f408f9573,09a5c068-9d12-43f9-82ab-dc46b00fcc33,1.745027,373.252350,1089.818324,2025-11-08
91bbadae-660f-44e0-b0b7-292b4c4575d8,42bf8de6-70a7-4582-9e4e-ed05bb14b4b0,2.462454,104.791284,1214.528758,2025-06-28
c951f4e8-9075-4dbe-9e24-89b75f364ae3,4603cf98-0d17-4c95-87da-886dad16512a,3.320176,377.624946,1282.909261,2025-11-03
0d3a706c-8f1c-432b-bf2b-c17460371a0f,dbe4099f-8da2-4cdc-97a5-a490b3c8d808,4.174015,481.855448,1323.38308,2025-11-03
f4374705-1b93-49eb-9475-42818c6737a6,cf036a60-3894-4a03-a2f2-48a0a2483d31,1.429361,15.944987,1571.123775,2025-06-07
58af33e0-d8d6-46d6-b647-ca535e9fea40,c75b953c-e2ea-4975-8d7e-6cdd50f8554b,2.762195,125.027887,1282.864487,2025-10-19
977d55fe-5f40-48e8-a196-e4e2959f5d5d,8587120f-58c4-4b66-90ae-94e336a113bd,1.687733,80.413045,1442.25988,2025-04-30
8f6c5a02-5726-4ebc-b0f8-70a8ec6d5164,2970f039-3505-46b3-943f-2b511366b346,4.897738,468.341340,1201.320482,2025-01-28
54facba3-c7ec-4c01-8664-900b2dc10778,0bf0227d-4e3c-4925-b64e-9ca912336a0f,4.811525,24.811671,1317.463143,2025-10-08
f07aa0d6-a86d-4ac5-bf21-cca4ead26a3f,c3e66bdf-bdf4-4362-bf4f-d35d58ff4b68,3.419876,360.852582,1241.255841,2025-06-12
838e7878-ca8f-48c2-a608-bfc60e60635f,1f2b7228-c4e8-4528-92ea-81a74e8b383e,4.444797,459.185218,1640.916731,2025-09-11
a7d70f13-94d5-4c84-aac8-43eb051f3f00,99611cb8-f871-4b32-814f-ca9a8421b2b2,0.529296,114.822992,1312.858848,2025-11-02
c304c15f-a9ee-4e14-852f-b106f868c34c,9217721f-ed97-47aa-b726-4d4117b980cf,0.305278,369.005124,1636.558646,2025-04-16
62117c97-e239-42a3-bd0d-30841c6f1465,ef2a872b-5ed5-4566-bd3b-9ae9a97e63f2,2.075731,493.198957,1263.2394160000001,2025-03-03
2b213676-d646-45b9-8829-018a353dbe75,1e58489c-4375-481d-9cf7-7c9c63943c7e,0.087790,65.223981,1501.653716,2025-03-26
dff24557-8964-4bc3-959a-58e65c61be98,40f541e2-c78d-4b6e-b7e0-cc4bc90e71c9,0.372536,262.971242,1561.627082,2025-11-28
353fa96e-27d4-4fc7-a8bf-d85bd3d50de0,fef5bc65-09c4-407b-b241-d18f7f14474c,4.758587,365.718611,1109.738077,2025-05-17
dd6b86cf-9932-4fd5-a7dc-b37ba001cc37,29166508-a9df-412a-8b8f-020d18706bb5,3.099623,498.284803,1220.296879,2025-12-09
f24bb4bd-88f4-4882-8f3f-1960e2fd78a2,eaf9fff4-5930-4c2e-9fe9-4cb16b2a6c0f,2.858283,65.188172,1495.549742,2025-08-10
d9631e7c-1ccb-40df-a5ab-6bc903501d07,2e2c124d-e0e9-40d6-89e0-bdcec2c865a0,1.955762,100.276585,986.861285,2025-04-13
dafeee53-bb8b-4e25-8f75-0c092bd088a7,2d7edd8b-ef04-4ce5-ac26-03d82c2e0df6,0.216104,14044.351017,1685.1415299999999,2025-11-13
7256fd78-0b5f-4e21-92b0-f4fbfa1d2acf,d70a749c-bc38-4bc8-898b-dc08642e916a,3.072040,308.525961,1330.333277,2025-08-27
e29d17c4-9036-4da5-a396-1c636b4b05c6,dc128224-35f1-46ba-9e1c-82634233b3dc,4.951913,57.282556,1074.7221260000001,2025-07-20
38fc19ea-8030-4158-aa40-c53238fc3177,73500680-3e99-41ce-bdc0-9d046983d395,0.507168,7390.334098,1556.7725870000002,2025-03-15
c934ef90-fbef-41a9-8bbf-0e3c30c91e02,75b702aa-b4d3-487a-a67b-1f8a2eff732a,0.485039,228.618058,1265.244075,2025-05-05
2270531a-5042-46f5-826a-074cb9adb3d1,26dea3f3-184e-40c9-bb51-b17d5d495965,4.496390,157.938420,1753.040202,2025-07-02
378cb139-bf79-4c37-b8e4-423fb653cc15,d0f28895-f196-4256-9056-686f2dc160e6,3.265119,476.001668,1379.911836,2025-08-02
e1a869b2-f95e-4fc0-a1d0-845e4c704de3,76151beb-0497-483d-bde3-641b66bdf074,1.574961,426.932004,1223.444398,2025-04-01
34136550-bed0-49e2-abf4-2adb413c1fa1,88f17169-b337-40a7-9674-b11bd675a384,4.881317,424.372730,1605.779187,2025-01-23
08b92686-41d9-475d-b670-0fcb46371805,9206bf93-1930-45b2-89a3-652ee42d38ed,0.899891,487.443120,1241.305938,2025-10-10
c9b79d05-2c56-4227-97ad-f4866b87d787,77ee8d0e-e527-4384-a283-f0e506902778,4.211580,385.069133,1514.891487,2025-10-02
ad6395bd-30b0-4383-be68-101d88d1b5eb,6ab67b4f-4394-4b90-9a4d-2ab57448d6f1,0.144245,462.838126,1447.2795899999999,2025-11-29
76758cc0-a1a3-4305-bbe0-3c2ad7bf30fb,fcd36b64-4aa4-4e10-b37e-e45d6d6d7a0b,2.224396,162.313957,992.217448,2025-04-09
b91e4b8b-e992-4a99-aba8-63470ac2df7b,cfec5a39-976e-4b36-9b28-b7a7bd4bcb48,0.731895,378.176284,940.634138,2025-06-20
99a16cb0-ce27-476e-a674-7a85a406c9ff,c0ce66a4-51ce-4d73-a990-7c8fe4d3b7bb,4.590940,353.865989,866.97673,2025-03-15
31c2a74f-4ca2-4ed6-a939-df74de035ec0,f1a6c82c-9006-4ce0-a97c-fb4ac0e8810c,2.610626,30.519163,1161.674205,2025-08-20
8d00fc84-70af-4b4a-983c-add6d496c4b0,fdcf2440-eaa7-43c9-9417-1f950737339c,2.867661,378.212034,1482.667521,2025-10-28
336c4e6d-502c-4174-a77d-77f579193a0f,ff9d4120-163e-447d-bff9-4f3ebd1fe062,1.206000,474.521620,1043.804087,2025-12-05
1454c75d-3dea-4ce0-bb58-31db1928da6b,4bb274ef-ee17-416c-8fa3-e1c968baec0f,3.714817,316.394606,1272.080075,2025-02-04
eba8ed38-02db-4785-9d5a-59bbf0885d37,50ac3100-bba8-40a8-96c5-a558d7ef18a9,4.836967,224.528577,1028.6688100000001,2025-12-08
98a56205-3ef3-42ff-b368-8628005648bc,e8144734-1396-4ffa-a6c5-e809a0d190dd,2.232804,280.542513,1621.480394,2025-06-23
d06a9ca2-9562-45db-aa48-a450e449fa29,7f0098a0-e80f-485c-a5fd-8c3f039cadb6,1.206310,305.714268,1269.292194,2025-09-10
e19d8e7b-0d06-491a-a6a0-afcee47ef1f2,7bae154e-fc08-4cae-98b5-e785ff28a89c,2.857814,166.519817,1054.281032,2025-02-04
459f6134-c5f7-4f9d-a531-7a8582dc9e4d,dbc24907-1472-4395-9721-ad229d99ca5d,4.829364,396.144287,1473.919729,2025-11-01
08e4eda8-f033-42c5-81c3-3e4c13da838b,55c2a00a-97d2-4ae8-9d54-d2187c8d85d7,4.765137,47.291358,1247.849042,2025-07-22
a562b1ed-814a-454a-9382-56ea4d662b84,314683d3-d198-4f0e-b223-0cec2288c8a6,3.338251,1.160826,1046.721508,2025-07-21
fc92e43c-4191-4e39-9064-9130aeaae726,8e5d93bd-2cf4-46ac-b775-41bc00d5c6c4,1.716660,477.056029,1406.322872,2025-03-23
89c0fbcd-a566-4246-9adb-039e71598ae6,48f954e8-9d15-4530-a498-b734b0744511,2.461383,149.785563,1378.020736,2025-11-04
aaf0764f-9d71-46d6-ac16-5ec3415ac19b,c16c1703-3662-4512-bfc3-696e66686fe6,3.046952,88.867402,1319.57274,2025-11-17
bebee361-f8c7-4c80-a0b6-4aecf4d500bc,fcaee935-887a-430d-8972-d79dd64a578a,3.230473,159.689496,1395.069924,2025-07-08
a0ce7e7a-b350-4bee-ae11-1000b5af2c71,b693605e-b55d-49e6-9e56-2e1f8622a883,0.636425,264.566707,1427.30024,2025-04-25
b7d553a1-0fbd-49ab-a881-354d9fe8ce75,78d5c0a6-3b9a-4766-b979-25150f4ae39b,2.664892,268.348176,1001.4320740000001,2025-04-19
13d39b3d-f972-44a0-b746-b2ac138f437d,490690f0-a62a-45e3-b531-2b0acddd9096,3.567913,222.858160,1172.397799,2025-04-09
719750b3-c783-485d-82f4-9dde478c2f6a,4677f597-be73-4a0f-a911-13c49078f96d,0.669821,419.213954,1224.1540909999999,2025-03-10
f234077c-8a22-4806-8707-927b46d0ebec,68a2f05b-9f09-4204-a91c-f7e84a732367,3.569482,14.251158,1270.414777,2025-10-13
f352aa88-047e-4ab3-87d8-0ff95e1c1f87,d08a603e-1202-4de2-a67b-7d1b47ba014c,2.806429,82.621726,1269.967251,2025-05-02
1e5cde7c-e043-42ac-8440-1ed94461c516,27dcbaf1-2a99-490b-8602-be246c60a6cf,3.969738,68.763916,1197.199816,2025-07-18
2ec9a1ac-c352-4349-8706-bc245b7a7c81,445c7d6e-efb9-41ff-a533-a3916517db34,3.938933,192.535782,1343.0069349999999,2025-04-03
a07bd450-2cb3-4362-be82-710c00891170,1f32e22f-76c8-4078-a329-ec2614143088,0.532439,363.797101,985.703315,2025-12-05
fd97ad93-5afe-4f7c-a6e4-228feabd4bd4,077da445-38c5-4a1b-9afa-7b19a5022bbb,0.901155,400.490203,945.865855,2025-12-09
3cef350e-2708-4d4b-b6c9-344bde494053,24ca756a-42cd-400a-bc57-4e8dc9ed62f1,2.231390,164.414062,1420.037153,2025-04-07
c5eacf45-fdb6-475a-88b8-4cb14a6452e0,d2940fa7-200f-4ec9-ad7c-ece5a2764d05,1.766971,113.417282,1773.3591999999999,2025-01-03
51ffed45-4f06-4a9b-aa56-b9ed6be89688,4ad784e9-8c4f-4bf9-a737-1b886eed1fcf,0.153187,158.661210,1680.350986,2025-06-23
09c52b7c-daa6-47ac-bb79-0d68a627f015,a814dfb4-888c-497f-b5fb-2fc6545f42cc,0.122532,232.255735,1044.1645369999999,2025-02-18
2f37cfa7-a2f2-4973-b69f-22cf1d57fe6d,808eafa5-3692-404a-b36f-16327a6f0ba8,4.317995,12459.349288,1625.224188,2025-03-18
c3b5fcd2-0653-45c9-b99f-2bb25d48cdb1,6e0304b0-8839-4739-9046-8a3eb961b9cd,3.671321,273.191278,1350.219023,2025-05-18
825f8d8d-f642-4c08-86c3-021bbb9deaec,fb90566f-3359-4332-ad82-02f090a2e2f6,2.725253,164.095486,1200.2621649999999,2025-10-03
7e66df2c-aa7a-4f53-8d28-ec589c618696,f9806d5a-2d47-47b1-8eaa-4654d8231162,2.168163,93.375047,1225.047266,2025-05-15
091ba233-0703-46b1-a298-7e9d2b2ec7dc,c60353ac-73b7-4384-8580-b68d133dbcf1,3.491672,31.709974,1155.129143,2025-10-14
7c24f16f-07ab-42f0-8167-786fded361ad,b53e1acb-d116-4f91-981a-2158226ddc6a,2.949854,56.928668,1457.4922139999999,2025-01-15
3ba12ba4-c030-49d4-a167-2be851f3ce54,9be21214-28c0-4f8c-bce9-bc14f224845e,4.481575,4.638453,1434.122326,2025-10-27
ab7322c6-abcd-4924-b781-8ed5fa147ce9,f0790de8-57a0-472e-8dc0-d52778607e24,2.863870,17.240056,1121.4349670000001,2026-01-01
389e4392-4b1b-49e1-ae88-fedb1974d1f0,a8518c07-d721-4825-8bcd-5a348fcd6bcd,3.293574,179.569484,1347.447029,2025-05-11
fe7ecd39-03cb-4e5e-a2cd-8600103b3e25,27cf6009-b445-4083-97db-893eaeb685ab,4.577918,457.628450,1764.481523,2025-05-17
611913e5-3e5f-46b8-9559-69772ae499c5,b5d83490-ab25-466b-8ca5-6a70b7624b53,2.903798,9027.767025,1623.775279,2025-04-14
d9d0cff2-4b2e-4bb0-b826-8fd26b75c65a,cf8bdd1c-8099-4acf-91f3-3e36986e9f77,2.688312,178.651680,1500.016987,2025-02-17
c03c0591-d495-4217-b6a0-0df129c4b069,6d156a39-ddf5-4184-b922-b142b84009c5,4.388720,135.025177,1197.298855,2025-02-14
3ab97097-4af6-4874-b97d-30dbfbf3cf6e,6ecd1bc0-b935-4286-aec5-5d8b5f9e2038,3.182214,22.660825,1239.431933,2025-05-26
27e1c354-e37e-4855-b874-f91f5622e782,f38f664f-a2e3-41b3-a96c-a3a14a11f375,4.522866,336.411429,1508.2511590000001,2025-09-02
1391f34a-47ab-4f49-a990-07fca81a5a63,93bb007e-ad03-43cd-8d02-db22e3d04e28,2.061264,415.254197,1132.405973,2025-01-02
a484a6bc-521e-4d12-b6b9-d7d2bddd8e79,5d3d744e-b9ab-4c60-8c15-617030d9b034,4.303373,249.444647,1189.629492,2025-08-03
88251b05-bdcd-4d2a-86dd-5910b7bbf719,950ef2c9-c5d2-4417-8fae-596e49062786,2.190895,343.416342,1031.702597,2025-03-20
2bb11ea2-d290-427b-80b0-a227f3ad1ed6,8dbbebe3-7f0f-4daa-bce3-0bf028275458,3.471075,152.713049,1284.469485,2025-12-07
e8ad58e4-c12d-4fd5-b97b-a39e2e943388,8df89ccc-5048-432e-bbf2-7fbdcdc82420,0.784853,458.324434,1138.300697,2025-07-03
31a5b90d-438e-40ae-9b3e-07d1ddf34a5e,d6bfe400-e5cf-4b92-99b3-91e4a28886bf,0.565309,433.087217,1724.985248,2025-10-20
d916b3d1-aa99-4061-bd3d-02c714df5572,95d3fbb8-d615-4a73-a3e5-6daec2c02e6b,4.399225,7698.048165,1329.922927,2025-07-17
f58aa02c-722e-45ec-86ae-dc9017b74920,d72a7de3-bbd6-48ed-8ac1-9916de424618,0.221797,498.463260,1102.052107,2025-04-01
7112d530-0a65-4747-a9ba-9bd81ed42378,91874502-6e16-4e27-b4f6-d83ffb8e95eb,3.434526,471.729762,1465.439617,2025-09-12
b6dedb46-60a1-4f65-8785-a8be6e69eea5,fc240a3e-414d-4320-b522-160eb82f261f,1.995469,70.543839,1392.375056,2025-05-11
30ff7b99-61c3-48c7-8b4a-cc05168e2f44,34230538-635e-4b9e-a3c2-8e6ca9926580,3.380942,139.873788,1457.609517,2025-05-09
04a7cf99-5d74-42fb-b60c-add429874264,e59f708f-63e5-4b0e-9dc0-1379a7325844,1.557379,139.723910,1763.606389,2025-02-28
ebcfeaff-1f02-4af9-8073-c72c7a01d5ea,7e3dad87-8211-4b1f-a9bc-2e1843f9e8ce,2.194256,82.919576,1258.21669,2025-09-10
f224b65d-0350-42a5-8ed4-f1219d0a43fc,dfa15f86-8d1a-46f4-89e5-e5fc6204f3d8,2.874905,476.298472,1100.786754,2025-12-09
5d30a20f-6829-474b-9eb5-105dccc1690e,f59593ec-f746-4290-aebd-e818c5f69318,2.465244,186.736794,1631.113057,2025-05-14
3b1d95fb-c95e-438e-a9da-04bde82001af,9fd92a6c-38d6-4de0-a546-d38f01a14660,4.735232,284.424519,1609.243421,2025-04-22
281232a7-ee73-43c3-890e-08fe70179237,d86538ea-ce44-4cbc-be56-92aab175007b,2.521176,287.258712,1200.013205,2025-09-02
e006d7b0-2dad-4ae1-9989-dc5073864351,73e01b97-efc3-42a0-aae1-89e461db5fd6,4.212254,372.372377,1178.843935,2025-04-06
b58b4b3e-01b6-447e-b5a4-3aa0ddfbb45f,81771d53-67aa-4601-ad07-ca3c4485b572,3.486923,200.109886,1166.201898,2025-01-14
9ab2426c-1f22-41b8-9e8f-da6c39ca3ecd,81df8e1c-6cec-44b8-bb41-995277258872,4.680390,234.804255,1502.535974,2025-08-23
f0875bd8-a5aa-412e-b364-d8fe8dfd1bd3,54899572-a805-43ee-9218-478a802fca9f,2.246811,392.973243,1544.601082,2025-09-16
a8b8e483-073a-489e-8fc1-499160dc56c5,09361a67-b9e2-413f-9e6b-a90463ec6db7,2.196986,15956.480302,1491.660112,2025-05-20
9c8ef5d6-fd73-4564-be4f-8d9ee10b971b,d864d17c-0e20-4ddd-8558-e2b10c0be948,2.537611,364.050587,1603.229089,2025-08-28
6bf30f46-eb6b-4c38-8444-faf754233eff,855c0425-c056-428b-921a-c407f9c5b577,3.185336,470.654245,1384.553413,2025-10-01
8cf7fd19-2394-4e47-85ef-ba5c45cfcb21,3dde8551-2171-42c7-82d4-8206bcd296fe,0.999353,434.083975,1418.275486,2025-01-07
f0d09595-289d-49a7-ba11-e167f4de7b9f,fef12143-8352-4155-8732-fe609bebcecd,4.138743,369.688698,1194.980601,2025-07-10
e3b1415d-e8ff-4dcc-880d-7a72c4df96a7,dab5e44a-1ab1-4001-9c31-c1ddb018494d,1.628214,476.111763,1250.163677,2025-05-10
32ab0fcf-c3a5-4380-a614-5ffd8517e63c,ccb606a6-ccd2-49f7-a838-228b92589ee8,0.982514,338.357062,1587.569595,2025-03-20
75cda0af-dd81-4c6d-a13a-dc1305241465,4d7404b0-4bb0-4096-813c-707b112c7f65,4.654969,149.869112,1364.100065,2025-03-04
84398bab-73a8-427a-bb5b-6e17eb91d52b,53f2ff8e-f0ee-4402-8acd-030f1d1b01ae,3.700703,203.535614,1429.1562470000001,2025-08-23
9bfdd17a-cb50-47ae-8c88-d3427d7f04ca,836c0429-27c6-4ed8-9a8a-1a19171213ed,2.064029,105.789661,1140.958793,2025-11-21
4d2e99e0-4c25-4983-abda-b2c238cd0bbb,0f3746d9-de8c-4709-bbc9-916801e2f7a5,1.659770,59.597329,1369.164424,2025-06-28
b2ef9f53-1895-4d76-b42b-8153c38c1066,d5aeaa5a-ef0a-40bd-96ec-3edd126c8d5f,0.921228,349.528050,1763.18214,2025-01-30
fd4ff1d8-68eb-4696-91d6-8ab91eebd6fa,995a7f1a-b8e4-48ea-9cb3-48058be9f9cd,0.912925,107.670999,1721.64618,2025-09-19
36ed080f-b14a-4357-84d4-885cbb39f78d,de353634-bec2-42a6-bacf-2a7933e1a1e8,3.859162,140.086997,1209.117697,2025-04-01
453c10c9-6c66-4d65-a37d-bf1a90069bc0,691d3a41-05c1-474d-9d91-448bab1c99bf,2.550058,5032.187393,1328.538972,2025-11-16
76ed727d-825c-416b-abe2-8d7260359709,1d0e6d3a-1447-48dd-abf6-2f4793cb8b7c,2.340280,481.568627,1344.503238,2025-03-27
58e8a3c2-c29c-485a-a4c0-2518e34e79af,47c74773-cfd7-432c-9d6b-cfd7c048fb0f,1.238227,42.490335,838.452756,2025-04-15
f9ecc1e7-5741-49d4-9561-70133537d720,6af2c678-2336-42ca-a344-5e50e8416410,1.586078,193.944767,1224.329667,2025-03-07
dc13040b-8a1f-4396-afa3-148dccae1523,05ec495c-b548-4e1a-b338-06cf6d2a0459,0.022074,292.980389,1827.986833,2025-12-08
398ddfb0-95f8-4198-8433-dfdba74f07f4,35a222b3-0fe6-42dd-bc0e-87a03f43ff8c,3.131189,121.924321,1223.087097,2025-07-04
14cfdcd4-a756-46d2-be1c-ab4c10a85017,7fcd7007-c38c-4443-9423-ba6d82d26367,2.272642,327.275095,1561.069415,2025-08-17
c680d571-9e5f-4594-bbfc-ce8de8157b68,e57cfa03-a741-4d59-ad3a-65842fd4a6dd,3.226924,383.876598,1320.46721,2025-09-27
fef0bf44-79aa-40d6-9247-22ef8dac994f,ecaa1068-6f2b-4c1b-abc7-018d1950504f,2.332975,390.212810,724.873959,2025-06-15
312c48a5-cb79-4c92-87d9-dd137a1c764b,079e3340-9992-48a5-a3f7-71a5a18a7e56,2.402347,165.320214,1340.03566,2025-03-19
5692e1d5-a969-4829-86f9-2fcdc37da375,951f443e-472b-45ef-ac5f-c9fd49781405,0.985307,176.470187,1179.107724,2025-12-29
a795a354-bc9d-464f-b153-f73e5fd95979,80d50928-355a-4cce-8310-7fb002cbca41,3.536134,116.090060,1323.284018,2025-10-12
efe40a45-f8af-4895-96a3-8f79b9cd7653,d64b1096-d921-4442-a0c5-f1099421dbc8,4.203888,283.995441,1401.07629,2025-02-01
0058219c-26aa-40d9-b3b1-71c881037d72,3e66b4c5-f501-4769-a70f-d1f953f67588,3.324298,211.874968,1545.423752,2025-02-02
d61684b0-24af-42ba-897d-6934c16cf002,7d3b1209-b9ff-44bf-ae9e-e12033d4c2d6,0.084314,480.042890,960.034727,2025-07-08
3145e63f-3f6d-43f4-b329-92da9f278a81,7df71c20-fe79-456e-97ef-ebf578396256,4.976982,276.208412,1608.034459,2025-01-13
5fa393a5-d706-48ec-a90e-6b4e3bef51db,a426ef08-8049-476b-9995-5a0a87036ed3,2.327854,19499.940738,1217.030991,2025-11-15
d0452404-0553-4939-87de-ae5f9214883e,227c8a0f-5363-467f-bfd3-757071041ba8,0.873410,13933.401346,1235.3152479999999,2025-06-10
c4649e19-641f-4f2a-9d5b-5426fa40da93,735f1abc-5ed8-4529-b7f7-299451aaaa49,2.097401,159.771783,1242.475039,2025-02-17
2af3ef78-9069-4361-947d-db41c6e3dd52,47eb6132-4db5-4352-a482-1d3042b829de,3.742990,9709.017107,1430.053251,2025-04-08
b19a15ee-b6d2-47e9-b2b9-bb2e81b61a47,78d535fd-ecda-40c0-b084-43a7a14be411,0.499495,314.831830,1316.23779,2025-03-12
c3190110-fabb-4d2d-a5df-b4e47e82cc45,5650f861-c687-439d-87cd-63a9b9b1bc85,0.507271,110.527188,1235.57452,2025-08-17
4a01375c-b158-4a5b-8bc6-8fcc035f3810,5c59ec0d-7d46-4d2d-801b-55193f969a4d,4.300896,96.638176,1015.367378,2025-03-27
1fd45c48-d492-424c-9f8e-1cbf0bafd55a,2a8ce612-0496-4d13-8fe3-dbe97ff58591,1.396718,204.068267,1463.868299,2025-11-27
1bc4ba05-4c3c-4bf8-bfaa-2f1cf60f1d3a,f9084ee0-22d2-44cf-8c3e-b8e0b43dc02b,2.469011,248.835816,1841.580269,2025-05-07
748b2925-d524-4d18-89d8-5c831154876e,dc8c1fd0-cb6b-4159-b363-162a5afe2a3c,0.881041,295.179700,1525.4142689999999,2025-10-21
79b1319d-c7d7-470f-af61-c3654d528844,49f5e61f-6873-4b43-b1ef-8578a6fed69f,4.077213,36.943954,1197.417518,2025-04-18
220dabc0-4ee3-4b33-904b-b527e43d6380,3fdeb0a0-9002-4c51-83f5-6b290d0651c9,3.896363,5.791364,942.088086,2025-06-25
0c49c2b3-7c3d-4073-b8e8-562c16394ffd,d60dc0a0-1b8a-4087-9ebf-2f5f1d0a068c,3.560461,466.707356,1290.543311,2025-02-19
3171746d-821f-44bc-8693-1ba130e31762,1feb7248-08f1-41de-85b6-5a29b583a24b,2.860250,124.232485,1744.837867,2025-07-10
35fa9469-7fa1-4f4e-86f7-84c904bd338e,420c787d-bcf5-47c9-88ce-2226e96bfef3,4.791260,387.419327,1152.932897,2025-03-08
ecae0bdd-dd27-4384-8f1f-726af7deccf4,f516b5d0-2e21-43a1-8c94-d248246c8ee6,4.435226,212.656690,1137.946828,2025-03-26
ff8c7998-1e10-492c-907b-756a779e6251,dcdc40e3-a644-4eae-9711-ef10892385c9,2.974865,220.776746,1187.172102,2025-09-21
3d7e3e88-f5a2-44b8-8339-4f363e46ee43,81547ac7-5cea-460b-ace9-a541eaa9232f,1.785166,57.936896,1352.6076679999999,2025-10-18
f3c9ecab-0f44-411c-b598-00784a647bc4,70d9a124-d9bc-4c47-a6b6-aa2383fdc1e2,0.277651,216.811715,1275.456616,2025-03-19
06def97f-b337-4e0e-a430-35e30db0b286,3e9ab660-d577-41a0-b7b9-46c2426e524b,2.467244,277.293135,1441.993015,2025-09-20
4f4e934a-8d36-4b2c-8df0-378b21339c26,3eb8c288-ca13-4e66-a993-da0f2868b142,1.403269,25.783757,1015.746139,2025-09-02
999557eb-2640-4356-bd22-6b51a2c30f8b,332d8d97-91a8-4cce-a99f-b2fe054a1584,1.016362,253.168499,1387.585353,2025-06-12
e0582ec1-2805-4ae4-9f21-a73964cbe0dd,5199e8a8-50ec-4638-b975-cb2581872f04,4.363137,163.005522,1384.71672,2025-11-27
26425475-2e10-469a-bc45-d4ebefbd6850,79d56b9a-2d58-409f-beaf-7f7d3f0ef3cf,3.081274,394.595224,1154.569301,2025-01-23
3441542e-20ca-4423-8f20-e7e0f5fbc75f,e89d7bbd-74ac-4e06-82be-598e96a9ee03,0.480895,50342.862007,1039.4692949999999,2025-10-16
1bc9239e-82a0-46c4-ab11-2a92060adaaf,f01a5aa1-de34-4c28-a0c7-35a0e15b8f90,2.882503,210.234088,1239.073976,2025-03-15
6ba24d53-eb15-4f7d-9277-c44934791ba2,8f7ebfac-07a8-4476-a634-8eeefca48fac,3.370695,261.292413,1647.51772,2025-01-29
7ce18f59-56a2-4a44-87c6-7a1fb7262514,e995da39-e134-4f44-b867-49a59abe7f68,3.724458,491.659374,947.606464,2025-11-07
867ce44f-0a69-40ac-8ef6-82b3da71b409,a3e6b0e4-22dd-4aef-a0fd-ca71f2b89cca,4.766642,89.306427,1008.633537,2025-04-10
48da0a6c-9c17-43e1-a277-65ceb9e4453b,e3127888-99c6-4682-99df-c80232b494cd,4.525064,131.458902,1619.523787,2025-04-05
6fe958d5-f92a-4d20-bc31-51248ab51721,2503f3db-dbd1-4fbb-83a1-d96e6a973c4c,1.323745,19.530633,927.482154,2025-07-11
4ef07a03-d61d-4fdd-aced-c4084f754562,f94bbaf3-b78f-4968-b9c8-fbb7b832d177,1.547368,309.385641,1213.583565,2025-02-25
b02eeca4-afab-4083-b4a0-6eb237ec5918,345f5145-341d-458a-9ef0-54ad600d503c,4.751105,214.693821,1213.919169,2025-07-19
df64bc18-70f8-4640-a83b-787a2b548038,e7a5f786-b7f1-491e-9e2b-5e330c53e99b,4.697378,235.209200,1499.048798,2025-01-23
96b1026b-70e1-49f0-b437-d75b542c99ab,26181391-e0e6-40e2-82cf-ed8dd4c01512,3.974294,36970.084876,1193.871073,2025-03-10
3b21082b-4e6a-47f1-9b3b-13e3a64392e8,96e2cebb-fd99-44de-9933-008abc43f32c,4.217086,270.158837,1399.861777,2025-04-06
e904e8fd-0885-4e7f-b9a0-0a66022301f6,d385da45-f48d-43b5-85dd-749e48deaacd,2.315817,127.886883,1166.127717,2025-06-14
82a10b0f-f416-4d89-b504-8b2f2161abd5,86ad4c4a-e509-41a0-a7ad-2b44b194c2bc,3.017897,101.121151,1391.857714,2025-03-27
b7e1ea1e-cc50-46bb-83ee-907a86743b2e,877ac158-afa9-4cd8-a80a-5a7d1c8504c4,0.662379,322.356916,1794.26388,2025-01-12
17d89850-68aa-42c0-900b-be6397b5ac37,2fa57b87-6d9e-494c-b361-4e3891644315,3.425950,367.823759,842.100284,2025-05-22
f4103e7a-e16d-4076-811f-318c78371266,e99d263f-bff5-4ac5-a960-2e4d6bb0a166,1.248997,376.030389,1302.1375,2025-01-14
d55866ff-4d1e-4e9c-83a0-f936cac8069e,906adf22-1828-40e9-a81d-e9dd14a7fc8e,2.568777,37.104898,1707.595574,2025-04-23
d0d12503-2074-4d8f-b212-e2ee6681ed53,d8241bb4-e0ba-4be7-b1e4-a82d73761f75,4.624251,148.142458,1195.630271,2025-09-04
ea475f0b-471c-461b-848b-416e910d37b7,dbaa3d01-47f2-4b68-b69b-58332df24b21,4.987076,491.185503,1261.442098,2025-05-09
55dffbe9-26ae-47c1-957f-841d4fae18f0,ce693d9e-bd74-49b7-8666-ae29ab4d48ae,3.783212,42975.743834,1083.390911,2025-12-17
a7458a7b-5267-43df-b467-c411de0211e9,e4f69a67-b6fb-4db9-93ca-ae5b16911941,0.550938,222.851602,1381.2769289999999,2025-08-07
4dd25993-72cb-4be5-a568-7fa6f762686a,6362643d-b3c4-4cf6-95bb-649468211425,1.772307,85.136175,1253.785982,2025-06-08
e1e9a204-213b-4d8a-921b-a5ab4610d972,d1ecfcd6-21c7-406b-b304-d4a1214399de,2.951211,28.405698,1204.001099,2025-02-12
cb627d04-bf23-409e-a080-e24233154fc6,65d27106-32d6-4b8f-b38a-0a46d37f72bc,1.046809,68.112599,1569.140915,2025-12-28
0a35b17b-24e6-4e26-a76c-a8708fec48ce,2c7e54aa-b2bb-4c60-a451-7ac54aa96d75,3.665448,190.222019,1286.566823,2025-12-27
d533ef95-233a-4fe9-bc69-051b3a099492,ce89ac18-e0d9-4608-89f7-10dbfb240b15,0.506448,413.460431,1045.204758,2025-03-21
c15d5bcd-4f35-49b4-bbc0-f44a895b1d9a,c4800180-9ec8-479f-8176-52393ad6c40b,3.961290,414.310430,1022.161079,2025-02-09
0920ae39-eb6a-4c7c-a11c-0edaf98f0182,d586d9c0-92ca-4cdc-87a1-9481d2d9387c,4.265395,497.261999,864.524693,2025-02-14
05722ca5-8fe3-419e-8083-c2d90f11b49f,a50f2f32-3adf-4097-aed2-dea3aaed9266,2.121665,351.706874,1262.468024,2025-04-12
c71b4718-9cc7-415c-a2c8-3712c4f653b2,3cc4ca7b-6db8-4bd3-858c-2284c714a32b,2.491765,317.396903,1959.2456300000001,2025-05-31
171bcfff-d264-4ebc-8f31-95d96e3885a7,5559bf23-9737-46f6-9d87-48977262fc88,4.122796,464.201100,1131.474749,2025-12-11
6eb7cc80-1e2f-418e-aad4-3d8adedc6b2c,a62ef9e4-8174-46ce-95e4-c9bfb4470b91,2.823888,325.005145,1389.760467,2025-04-29
03eab80f-1ca8-4ddb-8d00-008a0a5e7826,8faa9f64-8b90-4c1e-9f9b-f081a49ee1c0,2.969846,327.424036,1693.320588,2025-08-22
493cdbbf-9aee-4397-b9a8-a81dfc2949de,b8d48075-7afe-45d4-accd-2ce5da438fe2,4.537435,93.492681,981.861425,2025-04-22
819b5cb1-05e2-4c3b-8e4b-8fe366ed7257,3deb649d-db6b-46fa-a5a8-bafb8e311020,3.672539,84.580284,1431.070914,2025-10-13
9413b775-2354-4be5-b9c1-ce0f7f65d616,111a56a7-ae7d-4a66-8203-c7994c4cb4ef,1.790501,210.872419,783.436501,2025-11-05
c06ff871-186b-4dbe-b57f-082c19aee3b2,0aa395fa-1b02-4dd2-b9d5-b4d7dd4745fe,2.532915,94.429228,1232.939355,2025-05-22
8329882f-20bd-4291-bf51-b8c84ff65315,af3a9650-1a36-4304-911a-99ad341d6966,3.488516,484.543358,1645.361245,2025-01-31
22d1d416-07bc-4586-bef2-bb29e4e8cbde,539f4172-b2d5-4e8d-9183-59bde437d8c0,1.440590,256.074261,1361.201436,2025-01-26
5869b209-b662-40e5-b0ef-4ddbe18e87c4,1e352f6e-9d07-4e39-a17b-85d4a968e9a9,0.227205,309.783264,1456.282669,2025-12-07
7e914245-c636-483d-8681-ce223d7155b9,6228d950-6125-4448-ad56-90ac45615fdf,1.519297,435.997831,1250.229819,2025-06-30
8ec05106-173f-4e66-b879-79f6bc96d647,08944e80-1fef-41ee-975d-68b39f5307a8,3.521485,287.125349,1240.5713289999999,2025-03-31
4cfd3f26-b3cc-4d23-a7e1-5882594a6a2e,279e9592-d858-48bf-b796-615659fe1c6b,3.298828,315.109879,928.829014,2025-12-20
322033c5-fe56-45aa-9860-a59cd220b809,6bcb26b8-237e-4a1d-a632-cfb5063dfd22,0.264959,106.764709,1494.426178,2025-09-17
f29f3f53-d7e1-4c39-8c6d-5453836bdf60,17bf7cb6-e6b2-4187-807e-d1c2ffdbd868,2.381615,78.776703,1452.909702,2025-04-26
70f789bd-871f-450b-8f05-ce9d400c9d96,fb5b9596-d67b-4c2a-b91d-5dcf4bf1269d,3.891351,86.174054,1236.460526,2025-11-24
8dcf3fb5-62a7-4926-96f5-696f46a271df,a8fde1dd-4bd8-4d0c-bfb7-e5c26af86a9f,4.079550,71.928428,1591.974761,2025-10-31
e6a281e2-004e-42f7-9319-af16cb05fbf6,53a3cec6-c6c5-4a10-8d4b-77ddce3fa146,4.819676,258.153588,1340.1833179999999,2025-02-13
276c80b1-79f0-41a0-ba07-f32dd89a66af,7da371f6-caae-453c-a496-78973481e079,4.589998,222.941362,1122.705338,2025-07-21
222ce13d-65ff-4e3c-9d80-aa18a203962b,6011c991-6887-400e-9103-8a19eb79b4ba,3.287987,470.530333,1061.57169,2025-10-27
2299abce-fb95-4602-9878-ad1c2f152f74,715b0160-30e1-4165-8b37-e07e92bba45a,0.575673,462.918881,1507.483765,2025-11-08
7193752e-12f3-4c87-889b-24d1b8e22ef4,9b75c2cb-f105-485f-b16d-b781aa6d21ee,2.302025,262.493805,1850.75807,2025-02-09
d620609a-b7ec-49f4-9b7f-7f0358c3aba1,4b2d3305-46c7-439f-a33d-1a1b1f5d4550,2.669704,273.353791,1113.065511,2025-06-08
062defb5-7dd8-4a58-ac62-c1bd362bdf2a,63db788d-ba0a-41e3-aa36-0aea5c79b293,4.833411,289.544392,1530.928607,2025-03-06
2af276f4-cd09-4da3-88c7-15be01494d3c,b44b5337-ab42-4c89-89d5-4f41fc71f12b,2.827275,334.554170,1357.497463,2025-12-04
86e3ed6c-1b05-45df-8765-e1e838565409,16f1fb13-c329-4c88-834d-bb36b97be2de,1.292124,268.716907,1267.529152,2025-11-10
55eb96ce-3b20-4480-9483-7e54dbd934bd,70d6e78b-ba50-47f0-a253-085dcf71c8dd,4.362078,7070.908354,1197.484164,2025-09-01
f4de180e-d9f4-4a50-bfd0-c092b17309aa,d037d9ab-8c08-4971-a027-55ff4cd95904,3.793875,228.278184,1440.263484,2025-03-24
618a26e2-af5c-4f4f-9afc-b63f7ddd1a54,0f473351-fa33-43ab-974a-49b14eb439cd,0.696365,214.071474,1354.344485,2025-01-19
cf35da9b-a78b-4193-adbc-74daae0c1896,4dcb67d2-0329-4fe0-8d7c-ba5d171026b5,0.148535,428.700711,1409.4535250000001,2026-01-01
8b90619b-58ba-4eae-a9b5-a28b8acf8616,b55740e8-fced-46e8-86eb-83e913cd97f4,1.635591,118.008157,1234.06186,2025-02-26
7445787a-dd64-4b3a-b118-7f825965ba18,ece9f08b-274a-4596-9ba2-4a1021c43d0c,4.496833,37.919033,976.121491,2025-05-30
8881c754-6d03-4ff0-a378-0a93fcf8fd88,938bd80b-462a-4fc1-ab26-422145fa3052,3.082238,57.073570,1139.578134,2025-10-01
da38a878-97ec-4847-92db-5a1daab9b2f5,90a55c71-b3e4-400b-b610-ccffc1f445f3,1.175019,177.167662,1602.780729,2025-08-25
b61b6149-274f-4be6-8e5c-41b87e59c212,fcd08119-a997-493f-84f9-c9a7e6b107fe,0.952369,107.347064,1382.295558,2025-05-19
8e701ae2-97b7-4717-bd01-4c360e890abe,ee400749-ce41-4f88-b38e-fbd9d1ca38b5,0.071936,222.053658,1089.896426,2025-04-01
1f0c9cd3-8788-4e9e-b6d1-d435c30c13f9,446ff1cc-0393-46a9-aa71-986d475615fd,1.894490,325.324862,1169.463113,2025-12-04
f6b10b7a-30df-42db-964a-c00f2f4f125e,72587d5b-bcbd-4bdb-b774-f4f2ca661197,4.612993,238.631006,1441.639384,2025-05-15
62e5fce8-2ab2-4df2-9014-97db05d7f5e3,211ed1ee-85a3-4e87-93e4-48ab40068966,4.018615,143.330209,1008.12954,2025-10-04
3436d0a4-450f-4036-9978-392501e7ca04,fc235242-cfc0-441b-836d-c3a2fe9b9b69,3.186631,447.123709,1035.779704,2025-05-17
56c05a52-a142-4271-8edd-0e48ae37fd5f,3ff86fe9-7bd1-4d4c-bf1c-94d071f089ef,0.594575,386.465759,1626.935802,2025-11-29
eee8a91f-2ea1-4087-a94e-17527d5f7928,cfb41384-8eb5-4a75-b1e1-89d58359c61e,0.261122,158.104365,1356.498715,2025-01-30
162b5216-8389-41af-b84a-356e24d28b80,f102e7fe-3cae-49f0-a6a7-bd4b316694fc,3.166489,152.135005,1217.278839,2025-09-15
4ebb063a-5feb-4a39-9e02-c75365d4f46d,3e3c7bca-a0e4-4038-99e4-6a38579389c8,0.708609,238.020939,1300.838477,2025-01-22
037ab377-c968-4b63-aebc-d023a9f9b647,a2595608-d8ce-4f0e-8d8c-e1eac88063fb,0.569576,30.984230,1342.974103,2025-12-30
54591db9-0b5f-4034-9ede-9b064045450b,2bc9054e-572b-49bb-a90d-1c0e2441279d,2.534626,32.562247,1011.7081039999999,2025-02-05
95ab4f81-e5a4-427c-8fdb-db49ba8973a2,7025fc82-8f7c-4295-b672-6cbd2abadc33,3.120503,385.661067,1124.547536,2025-09-27
f3200f42-c30b-472c-a499-6c97a2202185,35d01fec-e401-4fdc-b2a1-1dc59e2dbc2d,4.606736,86.688609,1113.956116,2025-07-02
0ed489c7-09ce-4b98-9f14-39e021c5a48f,40c61c08-82c8-4f77-b4d6-5dab7d11c563,0.229233,451.665454,1279.384059,2025-11-02
4cde1296-6a8c-4ef2-b285-1f295bb8ba46,76cd139b-abf4-46aa-bc8a-295a904eb82b,0.005425,278.262233,1261.635104,2025-11-16
dc545f2c-44b8-4e17-823c-b732b414dde5,09d29e91-32be-4742-a3ba-7983c93dc60a,2.120722,377.623145,1303.276767,2025-07-29
967f473b-5dbf-4874-8536-bbb359eb4eac,bc0015d0-08bd-460e-9e18-d3e105e852cc,0.189438,8530.667409,1121.952068,2025-11-26
613781b0-6e66-40c0-b3ff-413399b9a4e0,b7e28a51-d938-4853-b7e3-6c5c5fa3200d,0.582662,222.368113,1550.153079,2025-05-12
acfbee54-858e-4b76-86d2-8180637242ee,0994a815-f1a5-4b8b-abe4-ed960416f6d9,0.947485,407.088176,1415.504978,2025-02-12
6e543495-5bb2-4d77-ac6e-edcfa08a643c,9057495f-6692-4b54-82db-840d91fe92fb,3.136844,424.919125,1114.639782,2025-05-04
ddf7c81a-d967-42da-9271-cae0091160a2,82b65a89-ea23-44b0-911a-e184bf7912ac,2.161213,24.911719,1412.129239,2025-11-29
ff57fdb5-907c-46f7-acd6-483c51e6bfa7,83bba0be-7742-495b-ae17-b6aa48cb1002,3.793045,333.004915,1238.425783,2025-12-16
7993f8fc-1f22-4d42-bbe3-3c5dba63eb2a,7aaabfe5-784a-4402-b8dd-3c5454d32408,0.543473,445.455624,1199.31327,2025-12-06
3b54297c-6deb-4bd5-ad28-c2483cfb164f,92185a44-acf9-48ae-91df-d70434502139,2.199375,7.332814,1314.671164,2025-09-03
63da7928-ac21-4f1a-a2e9-b8b4d66870ef,19fd17c8-e483-4393-8a43-8df4ddb038d9,0.204087,90.773460,892.579609,2025-12-14
9abd6468-ae7a-41fb-9623-14b99327ee49,c8e154ed-d5c7-45ab-a4a3-e3fa72db4aa5,4.090206,483.862569,1332.290766,2025-12-16
4134d357-6783-401f-bbf1-eab0a8793cec,aa952a3c-b1d1-41d3-9ef4-4083e7c0baae,0.466300,388.316461,1310.20031,2025-12-22
4e085cb6-0b3f-4b20-b488-176f2326fa01,b7480d2f-2fd6-4c2e-841d-1243d68f86b8,3.308777,169.534798,1600.138393,2025-03-22
7d6da1e2-e4d9-4288-aa43-2f2d9b2d3e2b,f9c33e02-4f61-4ea6-8082-8ad0de6d6f8c,3.177488,259.271238,1625.02195,2025-04-28
cbb79ce5-49a3-49a9-a162-c5928f0ec109,650b6c1e-759e-4afd-aa7a-50b13136edc4,0.276087,326.898654,1007.959565,2025-01-26
83b2b421-b724-4a3a-8d9b-ff49edc8ccc7,73c7bef3-4d60-4da1-9a86-0db807fd59f7,0.138010,145.493276,926.987391,2025-02-15
aea946f5-479a-4cb0-86c0-57f6ad56c726,eefd1778-13ce-4ee5-99cf-6772297c0033,2.598261,438.059937,1303.863328,2025-02-25
215207ce-9481-454a-8106-a3af1449ea67,60f113d9-dfa9-446e-b0ae-51932226c76b,0.761863,203.146255,1423.920076,2025-05-30
8e2408df-5458-4edd-8c9e-d4db837f5131,c6406404-75fc-4606-840c-8706dbc2087b,2.561157,460.210317,1434.543072,2025-07-09
260e4358-ded3-465c-98ea-2c990009880c,d51f0601-a428-447b-bab9-df79cac11165,1.947683,15.781087,966.321261,2025-01-17
b32e445e-221c-417b-b203-04dae6326bd8,469e0b91-73b8-4cdc-97d0-1204040c0d9f,3.762869,420.696115,1138.2440530000001,2025-11-28
55027571-6cb1-4f23-98f3-67ca5cb35a4a,4e54d661-7e9d-4df8-a493-c27d8307ed67,2.217793,115.289064,1310.269039,2025-08-29
45f87252-4293-4ffc-8cbb-5dfdcf3060bc,33bab3df-84cf-4d4c-b3bc-6c221b4bcb9f,1.320752,86.937683,1307.1405240000001,2025-09-25
d9dfd37f-18ca-4b2e-97bb-8b22c2878c6d,9f8ca69d-0037-45e6-9e90-56c913c94174,4.765498,393.233587,1323.837181,2025-10-15
8368d306-452a-4a2d-84cf-7bfb0af57b4b,c9663182-bd5b-4af1-b2dc-4f23c3bee0ed,2.911633,445.441401,1512.071052,2025-02-25
39e0889b-978f-4a8d-9b4d-ba41a92ab160,b10c92a4-c87b-4aa2-a822-6f3ce728814c,2.969222,479.539825,1315.077564,2025-12-13
917c39e8-ea1b-4263-b3e7-2b675121b8e9,2515d986-801c-4aac-b55c-c50537607e46,1.825968,367.431934,1174.537888,2025-05-03
233d254a-5f5b-443e-ab3b-b84713686675,446fa406-cd45-49e9-96fb-b575fc9f58c7,1.764488,97.480422,1052.435495,2025-12-15
256ee075-1f8a-4502-9e4c-481e3dfba1ce,be0de683-9541-4af1-a65c-a4c577042c85,1.854398,496.042266,1218.946309,2025-08-26
4c4f711b-26e1-4c14-9fe9-508a45081ff0,8d719d77-5b9a-4eac-b0e6-9794720b6767,4.378005,94.153146,1396.777345,2025-08-06
818e8128-3d4b-4f13-aff1-ee4cc4164a55,f730e6fd-23d4-47b6-984a-23069bd8eb35,4.540520,189.869593,1182.093264,2025-08-08
0eba4aaa-85d6-42ae-8ef6-720bd0ff3db6,9582df33-1e45-4667-9102-22278ab78483,0.990443,83.257209,1458.467438,2025-04-06
4d40a961-3737-4077-a2db-9862cbfbdda5,4b8e15f5-a03e-4dc4-ab21-4fcd4e3462bd,1.636148,159.189719,1775.087926,2025-11-21
cf422edd-ead6-41fa-aed1-6e4dc239ca7a,da2a95d9-13b0-4a5e-b9cc-b4c67cf36e01,0.595854,176.232982,1100.757927,2025-10-08
33c14b66-dbcf-45bb-9b8b-ee72d463d2ed,7ed7d80a-5ae9-4b83-98e8-c9645542cddc,3.105554,84.808489,1242.746048,2025-04-10
f564d966-96bf-4bcd-b9f7-0476a78143ca,a948aa12-5f27-42ea-9080-68285119751f,1.483826,85.601776,1805.368847,2025-05-09
b40f10af-733f-4ece-95a9-30bc00d3af7e,6118e8e3-cb66-42df-9887-80f7a3f80a2c,4.632124,21.178045,1243.341989,2025-01-22
407e235a-5247-487b-ac37-1c30c9e5e567,13393b14-8830-4bf1-b604-58e6cebe261f,4.806943,226.804178,1313.422273,2025-08-23
d8035714-5a69-4e86-9c3a-2ca90993db54,2c8f92ba-2e78-4470-b326-0acc246e7af7,3.896455,196.912551,1653.086272,2025-11-27
c6443366-4ea2-4305-bff4-c3f27132df74,be3c25c8-367b-483d-9311-0daa2755846d,1.074769,354.545754,1408.828314,2025-07-23
7bab7010-edbe-470d-b473-3e17fbc769d7,aad1d5c1-9582-4b18-a2b5-cf6abc906b96,0.922213,102.796487,1713.1953250000001,2025-12-30
3f570d60-3086-4525-901d-4b2c2820ac26,a25f2d10-7cef-4cad-8e9d-2a302a5b3674,0.846687,19.927872,1005.3343150000001,2025-10-03
a9a7fb80-5a64-44cb-9291-9f72bed1f5ac,13bf0022-8be1-4485-8142-718ed065d987,1.008431,274.916972,1332.02696,2025-08-21
8a18d60a-b859-4da1-bf40-0f38fa8f72ae,f2f848fa-e963-498b-89ba-c208d6b4263e,4.325436,155.561346,1379.96086,2025-12-31
b84ef713-998f-4171-bb31-ff07d101e78f,62d70273-f218-4278-8a18-064d9e47ee0a,2.355125,400.946128,1503.622355,2025-02-16
65653040-8af0-4d31-a60f-181faefc23ed,f4de4ec1-8817-4ee4-8aab-04d920d6801d,4.303094,356.947737,1206.651665,2025-04-16
06ed3a28-a5b0-471f-bc93-463b71023b02,46c7cc33-c987-40ef-8bf5-6cb3a495dc2f,1.103227,335.702956,1256.262321,2025-07-31
5ac875b1-7207-4272-adef-26e29f1577fa,85a743a1-2271-4af5-8c5e-fddf2bba9e8c,0.145611,399.047686,1285.966198,2025-01-05
eb7baf2c-33b2-416b-a980-b59f5f89ec8f,87fe911c-93ac-444c-bef7-4ad8c843fbdb,2.078194,451.833293,1469.16256,2025-08-20
f7682bc5-9f8f-479d-8470-adb5a3a3035a,e458edd0-7950-4a9d-a17b-2c7c1b4378af,0.141895,416.069021,1444.541801,2025-02-16
2c1a09e3-378a-4c6a-b2bd-bf61d871a839,43f5e453-2c2b-433b-a43c-a909932bfe33,4.017885,181.785618,1223.283463,2025-01-09
c4f77aec-01f2-412e-b69d-eed39107e3af,7611102a-42b8-45ca-b934-b1b114c34017,0.129698,268.988147,1160.193745,2025-11-02
187ab96c-aa90-4632-b23d-04d4ef7bce34,c98e6bf9-604e-47cf-be23-abc5b9ce3ede,3.309416,26.354795,947.542725,2025-01-27
9b2a3459-1c68-4ca8-9ce4-d6f315e84be6,f81e207f-aaa5-4f34-8c47-092d7bd87ead,2.678893,61.610048,1184.1808449999999,2025-06-01
b4d97d7f-35f2-4a17-bc59-ecd8989ae50a,f0828268-5339-4dde-bcfc-eeb295e8012d,0.618291,259.420611,1392.855789,2025-11-10
7112303a-6e15-4048-bd5f-709ccc3a3cfa,0f7a23b1-3e4e-4706-94ea-0ea3e69c3ae3,0.247454,231.039494,1240.113851,2025-06-13
935a7e4e-2c55-4b2e-91df-267913777006,8ce9ce1c-3a9e-43e2-81b8-56d80ddf9617,3.419652,19992.351760,911.2267850000001,2025-12-18
0fbb66fc-81d6-4eb9-ac44-0a9b725be1b6,33031812-1c7d-4545-99a8-256aab5e028f,0.906912,337.601541,1503.463307,2025-11-19
cf30a0e8-6be8-4bbf-a20a-16d79e38a6be,ac70721c-df67-45f6-ae08-ac5fca66b775,2.491735,193.847176,1106.9576279999999,2025-10-14
30ffc72a-5a27-4605-9dc4-16682c3cb0fc,879a9fdb-856c-4c70-b299-614cf8b269f1,2.471332,52294.563177,1371.786856,2025-01-30
bfe35303-614c-4804-864b-6b29ba909465,9ff9efd5-3a46-4594-b664-3e91c5ea8703,3.895706,22.819305,1177.840663,2025-03-10
45827b7c-9db3-4d17-a52a-ad6a7ca53c48,855d5b19-82c5-4f99-a9a0-d6dc9f591cb7,1.427366,457.957029,1273.106203,2025-09-20
ee029df6-7517-4eb7-95fe-c5b6d86cf08d,f944f63c-454f-4461-a50d-35d55aa2244c,4.397450,205.345097,1470.152247,2025-04-17
97d0b72f-54f1-4833-956c-cbb513d4d238,14792f45-59fd-4f4a-9ae3-d24b9d62a56d,1.403928,438.416794,1351.913152,2025-11-02
2dc3f786-21f8-4cc0-83b2-10908d80ce96,788d594f-4d7d-440f-a229-d2b8321409d9,1.505083,347.772915,1184.635436,2025-01-24
45530e33-c6ec-43a7-9591-96490005875e,8e5bcbf1-e4c0-43e1-8943-5981cb35d6c3,0.536951,308.681554,1114.46091,2025-11-07
d540eecc-73ea-497a-a637-d6b732b6b954,1adfba88-b9de-46c6-a92c-0797d4d5804d,1.335839,378.766839,1284.559446,2025-11-09
49f7de21-938b-485b-a7df-50919345bc85,d8757685-2639-46ed-b809-043d6a988a7a,2.604938,406.633898,1457.696184,2025-02-16
55f53f12-53aa-4982-8869-8c04b0eca4d5,17f2faec-b884-4ba2-8288-8779f99db580,4.491853,265.630554,1168.071639,2025-12-08
d31cc260-c594-445d-a691-0716b8e2d214,aac9174e-b582-46ad-b39a-c65e43747751,0.944846,14.536715,1351.915659,2025-07-03
f8e4c92a-94c9-4669-bd42-8848024a8704,ae3bc5de-13e6-4ced-a5c1-a83946255f97,1.358076,453.168263,1411.555565,2025-04-08
056f3dc0-ceca-476b-b3b5-1c98c2749d9f,ea132b30-9aa2-4cde-bafa-b226de784489,2.569925,196.520356,1564.927152,2025-11-16
010ef605-f92d-47e7-a3b5-5db819a92497,5ab32ad0-0ad3-47a1-9600-f2275adb0132,0.621244,437.982015,1102.408863,2025-02-09
c144cd9d-a1cc-43b1-b95a-4cf515141a7c,ea9ba331-86d4-4623-b876-ced4e6ece127,3.288924,232.878278,1523.6671079999999,2025-05-22
da9771ea-55f3-4a5c-8e06-b20eed106ea0,a6530efb-52de-4ba1-8276-ffe383b59985,1.341236,107.137403,2030.579231,2025-03-15
4405b463-3ed2-4dcc-a16f-a0073b431417,d444f064-fcbf-4b1b-83aa-96c3a23d6e8b,3.970892,488.740053,1372.531621,2025-07-01
92719d33-2ece-410f-a152-f173df0dee58,81f0044b-c66e-4941-aba0-c8d9636a854e,3.652016,255.661409,1256.44435,2025-09-05
08c51875-1078-4220-bf8d-ce600913d9a4,e637c189-7847-45c8-9293-22d2337bc3f6,1.854697,425.892576,1321.059899,2025-09-07
3835ae28-fec2-4422-8e62-28816ae1028d,f2c4a9c5-0016-4e59-8e66-45218731017c,1.145656,375.261316,1209.179215,2025-09-19
395d5491-a140-4bf2-9348-98b2f24bb317,bfc2216e-6dbf-4797-81c6-8b1548ed831c,3.547437,21146.044379,1140.941708,2025-09-27
2ba07038-f0f3-4b82-ac69-a01144b1800d,f7857691-25cd-4bfe-9125-6b3af4ff48dc,3.504866,5242.007487,1126.017729,2025-03-31
cfddeb6f-2dde-4bfb-8ce1-2b29c2bce649,3b6f81a6-d0bc-4a56-9999-e6645947b08d,2.765302,344.395931,1353.076135,2025-11-30
ecc0d46a-2bd3-4252-808b-1668ea73b9f0,7446c7d9-349c-4486-b3bd-abd248c2d0e2,1.381519,262.418807,897.388904,2025-10-23
a5bdc260-fe1f-45fb-9690-46a1c3436346,0aac28e3-2104-4f2d-b6ed-3792ec9add3a,1.401969,359.471968,1527.275799,2025-04-10
43c565b2-865d-4823-80bb-d3dddbd8c068,893255ae-e5ab-460b-95c8-eadd02364c9c,0.641943,48.408635,1657.349053,2025-07-18
63f276f5-953a-4a5d-bd1f-e7d4f0b85811,bac7b46a-7fd9-45c1-a16f-9e7ea981e90e,1.645217,495.441527,1384.797046,2025-03-05
94c2a8dd-c1e3-4da0-a25d-2ada55e2fa16,83dc55ee-34f4-4838-95b5-af7ca58e2bbc,3.025708,418.318624,1595.631564,2025-12-07
45f4b017-539a-4508-a214-35129c72c6f0,88f41259-2a08-4438-bccf-37e80bebcd58,1.090095,261.655552,1288.795017,2025-02-03
1f24ac36-e033-4949-b5d9-bf3befc60701,d16f7ab3-f1ca-43b2-8b95-ef291ddba84c,2.808613,164.929535,1398.089865,2025-04-11
0c7ef59e-10ad-4b05-9138-30890a128a31,65b95eb8-36ed-4f4e-ac30-0e68de47983a,1.923278,3835.980285,1581.031076,2025-07-01
8923aee7-0100-4502-ae6e-ba956ced881a,8af14ef0-0f18-43a2-b95b-4bfcd7778621,0.637037,138.290185,1214.454288,2025-12-15
2476439b-dd50-4373-af38-7bfe4dc010ee,9aca8e46-cd29-4e09-917f-67a4595e9e78,2.488467,65.848960,1470.5788479999999,2025-02-04
26d6e416-3ae3-4ca2-82b4-51f086ad5d78,ffef88ec-2e32-4909-a4e7-f4bb21843103,0.604880,284.351614,1280.531605,2025-11-17
15c1270b-602c-46a5-a1c1-33e56c2ac142,cd1bbdd7-5323-4084-b6d9-dd96f76fb722,4.383507,12065.797321,1115.284479,2025-10-17
a3cb1ec2-3890-4785-85c4-8726857785bf,acf568e4-c86d-4846-ac1b-8039b49ec64b,2.335039,150.282385,1047.420325,2025-04-09
73285f6a-addc-42af-8fff-0f931604100a,4832a2d2-bad5-4fde-ba8b-24fa517e200e,2.165415,407.277483,1538.0412039999999,2025-12-07
27bd99f8-f912-4a31-bf26-4d90ae3e4f0c,2de9ad5b-6284-4e8c-9761-e977ba26f0db,1.897305,44.244103,1238.55316,2025-06-27
b3f40539-85a8-4419-b2fa-f7c8af994543,05acb12e-8d98-441c-bbed-a03c21742cf8,0.068066,23.393209,791.423004,2025-02-08
88a070cd-55ac-456c-b893-5699fbe1ea43,8411506c-d450-4332-bdb9-cf5a2a4f60fe,0.342087,116.963926,1533.033721,2025-01-05
682d999c-d2d0-4ea4-a800-8e5f98d4b188,36c39a70-c598-41ba-9266-7c2acf4501df,3.557290,69.612435,1498.67768,2025-01-03
7d259c93-e8a2-4459-83f5-c45b6bba7ec4,f1d19fbd-f795-40d8-893a-14a98956ffc7,3.990775,477.996490,1143.546307,2025-10-04
b1c6785f-e9d4-4629-b71b-53f5dcd8d4f5,a87f211e-5c0d-4690-882e-f1f8d14504ab,4.713138,217.083068,1362.345842,2025-11-15
699d256f-7a2d-4b43-992b-55ce2514ce19,04e45f10-8976-4b3f-8ceb-097e573d8cde,4.009141,211.652005,1507.279728,2025-04-09
a0aa397e-4a02-4dca-bb05-14ff0577ae61,083db254-f33f-4f72-894b-4f18894155df,4.766918,287.376249,1393.086086,2025-06-13
f906d8a9-d2bd-4d42-89e9-9efc6712d12f,b8a723c1-6240-4886-bd00-327d677b54eb,0.186243,498.525456,1072.367159,2025-10-26
0d80ff19-b0bf-4f66-b70d-1e1f984a8390,6456566b-cec6-46ab-a04d-0d8b08fdef8d,2.821835,307.132575,1693.948879,2025-04-16
5470fad6-8e6d-460c-8589-2bbbfddccc7d,770e2de0-a3d3-4fad-9004-5540f00c4689,4.749186,58.425165,1175.087808,2025-09-10
b76d801a-1545-42c4-8e18-9e969862cb22,5c237c68-3789-4bce-b556-df6a42de39e0,3.000099,454.082724,756.123962,2025-01-28
28a606b3-eabb-49c5-8ae0-797fa210e134,04d0257e-252d-4789-812c-49fc54899450,1.273486,30046.370544,1331.726833,2025-01-24
d191dd78-cdca-49f4-a615-7fed316359f7,00b7a67b-e80e-4529-b7eb-985dbcb46b65,4.917950,106.099967,1485.957358,2025-05-09
2ff05858-9c3a-4105-9f4b-c9f9f8bfdbe4,c153897d-3dff-47f3-9c26-fc4259825c9c,0.548879,493.942967,1724.309148,2025-06-25
7d9ecd9c-2611-4a27-a324-08e660494be9,f07886f4-0760-4793-afc2-70b2001fdca0,4.304344,13.364947,1791.295046,2025-01-22
a0c7c8f7-3831-4398-b3c1-8e7f0fde4634,faabfb10-ce04-4859-a115-f054fa7b561b,0.298397,51.078409,972.1492109999999,2025-05-05
ec3eb89e-10d0-4f9c-938d-c06bac063b8b,a35a0907-d01f-4cab-a29b-49e0718120b6,3.837801,227.925384,1222.046775,2025-05-28
78d1673c-0df9-4701-93d9-fc315b9ffd77,c2ef6bf0-7e81-4a24-b51b-913425cc7059,4.661196,209.769674,1759.978648,2025-11-01
9b0b3663-1ce3-415f-be0c-ccec239bfa6d,963337c4-d282-46d6-8f88-d12bfeb7d866,3.111268,113.866373,1119.839756,2025-05-27
646f47ef-4cbb-485a-b1d7-0db1c27aa075,04c394bd-4d0f-460d-a16f-6cf13796e4ec,1.916734,117.261109,1592.950358,2025-03-14
d52259fa-4650-4b24-8ea4-26419e262db5,8985be17-ba7e-4f43-8c33-30c55fca2d82,4.477633,345.282323,1292.366018,2025-12-21
be9c1e4f-5ecc-42f5-8e35-6cf4ad0d9d61,898208a3-1354-4dc9-b286-1fb26368e49d,4.463733,44127.524391,1517.705955,2025-09-07
4ec97272-191b-459a-aebf-074acc1714fe,200127d6-87d3-4378-b2cc-a3608c3d14a5,3.321156,468.567123,1169.3413,2025-05-02
24712115-bf51-4773-9476-1fd6de795d9b,e6826e6e-4342-470d-a8ae-62086790fedd,2.647798,486.759087,1429.422837,2025-07-06
4bc8dae7-f852-4494-a7f5-1160b855b1ca,4ef2270d-5e22-4cfe-ae0f-5f7807b17109,4.504141,407.482120,1188.201338,2025-09-10
dcf8ceaf-9f8a-4092-9d50-e5abd39e6782,74c264a0-79ff-4b1c-b203-4f65462e53f3,3.067104,111.006500,1325.552868,2025-01-14
f5e24a0b-427e-44b7-b925-51f64367c7ff,8630736e-408e-4c93-9e64-dd9b501fb37a,2.902824,198.795664,1259.927164,2025-09-16
f00daacd-fe32-418b-8426-15619242ce2b,10217c7a-2d49-4d9a-9609-3ddda16709e7,1.921164,18.811265,1399.194668,2025-11-06
3022e474-159a-4e80-89fc-22222602339f,fdea43da-391a-4d2a-937c-aeca0eb14a1b,2.013418,390.156829,1268.655023,2025-08-22
8f80e8d3-e530-49f5-9633-77cf8b45353c,06537af5-48de-42a6-ad22-1b311f0e7771,0.256804,197.129053,1477.834253,2025-11-07
60c80111-12dd-4faa-971f-28a0d001115d,3350cdf4-7e90-4ffe-bcfc-362215cd2e98,2.994090,201.174881,1008.206547,2025-06-10
08d5f155-1044-4141-9e63-5ed069cecce4,aed739ae-9cb9-4d65-9e97-3de9ab7bd6f7,4.398614,93.125876,1086.628362,2025-01-05
ff4bb01a-f7bf-4358-912b-907a50df4ffe,a6ddc3c7-bbe2-4d56-a4f4-47a105dab943,2.392950,276.567136,1158.662215,2025-11-05
837db081-ee3d-4966-a6b2-86c9333ee09b,b67dc471-c18f-4959-b516-aab30f0b67e1,1.950358,32.456994,1248.780946,2025-09-15
d37281c8-e96e-4426-8faa-9d782b6f6684,162e8857-fd21-4146-8e12-230dbf0155b1,4.382702,72.130739,1103.4107,2025-06-03
aac67eb3-dae4-41ff-b35b-da7e47228442,50b04b81-1752-46c6-a807-129abce8d596,3.722245,453.490536,1234.898156,2025-05-06
0ee86fba-bb00-42cd-bba8-551186c53e03,b64ad39b-a9fe-4ca8-9e64-8f353bf92604,0.457547,190.331768,1103.196859,2025-01-01
bdf1b6a2-cf29-4db6-8a60-9ff68940c10c,9b665077-8484-4f40-bc92-d71eccebcf61,4.625615,84.122819,1179.064648,2025-03-06
51ccfd59-758d-4a92-99bd-415188075296,1cba4470-6927-4999-b877-10a8826b12f8,3.494987,46.335598,1200.426093,2025-10-28
7f83d847-65e7-4d33-b9dc-521415cb0ba7,e269dd5a-7b07-4f9a-a29f-6e79d2c8abd8,4.377710,116.152886,1035.449626,2025-10-05
249ca759-3ff6-4836-802b-bf8babcb5d35,7f3c83ef-71e6-48d6-bafc-53c80dd2bbfa,4.862886,334.948119,1847.23315,2025-09-24
98f87e07-f578-46ce-b062-cb9897d79e3c,461923ec-a72f-4c68-9f30-28547641a3f9,2.073172,41923.401340,1370.898573,2025-07-26
7209deb9-cfbb-4281-b9c4-16f9fc2ed834,eebd04bd-aa53-40e8-ab67-4e2b5cfeae96,0.964111,338.185792,1059.58744,2025-12-15
98c70479-ebc9-41ca-a9a6-55c34c0feb87,4eb27452-f515-43d3-8d79-86be1fb9256e,1.045939,489.472932,1409.4081879999999,2025-04-29
c479024d-7e29-4334-acd4-619c1e36dc9f,ad739ff7-bbc4-4f2a-ae3f-c3e796b5a269,4.795840,458.078002,1367.840247,2025-09-09
2f31bc40-d5ad-4747-b287-f4424eea1fb1,6bf2125d-e7b6-43e2-9fb7-96b465f195e5,4.094909,119.751073,1043.365062,2025-06-25
4c878710-59ed-46b8-8054-8d4fb0fafff4,8cb57409-5de6-42d5-83cf-615cabfab028,4.645958,356.308437,1042.074701,2025-11-17
62df3ba0-3df6-45e8-a710-87606a173a4d,15d90f2e-6993-4c6d-a286-164e7eaab1f9,0.665837,117.944797,1498.726991,2025-10-31
a82d42f5-5aa8-4029-a69b-5b8e8c2e427e,151c392f-9e1b-4d7e-9b09-4638284d0f48,2.840184,308.632752,1061.217523,2025-08-16
fe370e14-4c5b-4f03-af27-9f4cd04ff024,4b21e00d-3e66-4c13-8122-29e31364c75a,2.756134,149.035550,1397.577669,2025-08-15
893f4d75-6e56-4cab-9f8f-9fc97483cc87,df563d8f-df96-4325-8a39-46e0374fb810,2.322990,380.817445,1178.601161,2025-03-14
cfc5ff16-4d6e-4f63-b827-b4fd5343b31a,490b8054-0a15-4ad5-a578-018beec4f745,3.441320,287.165352,1507.967775,2025-02-27
f9b0d7bd-f63e-4271-ab34-35c7b029a511,84df1add-442c-4d9a-9e60-460d71312f75,1.904208,164.010791,1237.336283,2025-07-04
b638dbd5-e4ee-4da6-8270-52e5ca7f4f0f,0f679d47-7d15-4dc6-822d-95043ba1bdf6,0.655196,5125.588538,1089.933753,2025-12-08
b6bcfc1b-08fa-4b6e-8e9a-1d23c4ba55af,a98c720e-da1d-4fc7-a6e4-f3c029803cb4,3.408595,270.731559,972.182569,2025-08-18
48d40e87-1945-475f-ab73-72d7c376b210,9f6578ec-1783-44c7-8ca7-0f2d1de60334,1.603166,37600.838244,1357.374918,2025-07-11
09c48648-e085-42df-9327-beda02a0f570,cd8201ec-e051-41ad-863e-0191f831a99d,1.448104,335.578887,1428.508165,2025-05-08
0822b537-dde1-449e-8357-71a996ddeff5,0b5be83e-ad6f-478d-9369-b48168bc7f18,0.596869,492.153344,1212.327327,2025-04-28
d4cf5bb4-fe80-4378-8b05-7ca39e47afb3,43ba7c39-3bed-4b43-abd7-017051d36d74,2.146277,121.747141,1491.188652,2025-04-13
4f07a8ce-965f-42d2-a2a8-03784383b09d,e537af2f-69d8-4620-8ecb-48782a58cfb9,3.840603,55.172470,1800.057256,2025-06-18
9dba81e1-0de0-4713-9d38-c5a0a0065c67,f9075748-8da3-43e3-9783-dd36db19e3be,3.100093,137.500451,970.6139390000001,2025-12-18
592fc7b9-3765-47a8-92f2-a7c2d37f48f6,16dc5297-2c85-41ed-b920-c3d0f7422f5c,0.094743,356.068851,1424.226852,2025-01-31
0c7a7840-e330-400a-94c3-bc5d11aa63e8,7d0b20ba-44dc-4edd-90df-ff39826266a5,0.441547,419.987848,1392.615819,2025-01-24
05c3d294-537d-4954-ac28-d33c42b22b2d,cfc1c05d-3dd1-4dc3-87dc-aa546f3c7392,4.708391,385.909113,1582.905949,2025-02-18
73d763f8-6f7d-4b54-89ee-231689713d10,4f33fbaa-ae36-4411-aa73-4a5eadff37ac,3.820443,9733.259749,1349.57616,2025-12-17
0091744a-a004-4fd9-826e-3f2ce7727439,fe24ebdf-f961-4336-b986-120b606e0f73,0.543172,54182.263980,1323.433023,2025-01-02
6370d8e6-bb38-46af-945e-e53277307c26,399ae548-aa88-41f0-8c6b-d8ab5ebcf751,4.921117,445.134662,1157.361787,2025-10-16
b5008059-939c-4b90-b3c6-e0eeca87f821,3e548e51-be17-409b-93dc-48d56a0056b9,3.252689,463.644540,1355.193489,2025-08-25
87ff4699-36bc-49c6-aaf9-f6a30914b472,2cb213c6-77c1-4a91-8802-651de3bfa964,2.044371,0.676901,1101.467288,2025-06-10
20396494-c785-4e5b-a8e9-639841704452,057fc0cd-13a7-4dae-969e-bb891c97e890,3.713537,216.097073,1459.121372,2025-03-07
70285089-8c55-4ef9-8c8a-04cd199fea85,f116ba4c-b2af-41d7-94d3-e0926878e91a,0.833583,457.403840,1116.247904,2025-02-28
ccd4a6bb-6d61-451c-be41-766aa88652ea,662a5fc8-4cd4-4c42-8295-f1038879cd7c,0.566480,36.954875,1204.423042,2025-12-15
fa225478-cd70-400e-bc5b-6b54a15435f7,0109b311-4b8d-4c56-9aaa-a569f606a0d1,2.638465,206.365568,916.384405,2025-12-10
e89ff177-7eb9-4015-8023-0144ff01b654,4dd33222-d0a9-4008-a519-6f63eb254eb5,0.964867,453.766776,1108.5339,2025-11-05
234e21f1-f675-4929-b44d-80481aa285f7,ab0c2242-0b04-404d-9fb4-2782e79fe2f6,3.763053,147.240848,1138.8344299999999,2025-05-27
e3100916-b46d-4324-a3b9-827cff9e6cfc,1a895337-97c7-4675-af5f-1eee57a6c19c,2.539530,105.572644,1469.615274,2025-03-07
b2be86f6-6820-42f7-8b35-85cb50ce8712,b01081d4-18e4-4530-a3c6-ae2c3b468e5f,3.764034,440.672088,1332.408259,2025-11-23
0e96df84-4973-436a-89fd-dcc2c860bf1d,8a77d45a-fcfd-4d01-b316-e689a0d9c9e8,2.243695,14543.095470,1080.624939,2025-04-03
573b3a6d-e17e-4644-8f62-1fe1952e446a,b5004b39-966b-47b3-a5a9-bdbaf5d35da4,3.899653,98.233180,1504.884975,2025-09-25
07187948-3e1e-49ff-b869-17e02d78791d,94ef3bcb-df2e-4d91-b7ea-ac89a5330cfe,2.545674,57.195118,1427.417112,2025-05-30
f08d2795-d191-4ab5-92ac-26c9934d6b54,28ce7815-18b9-4476-aa73-b753e9b9816d,2.850138,218.479908,1459.70761,2025-03-23
8e3a04d6-aeaf-4ddc-9c1b-69f138f439f4,23832479-c1f7-4640-a4d3-4daebf5d796d,0.750705,131.621616,1224.7369740000001,2025-06-16
6a725572-bcd5-4fa8-b567-0e63693b10c7,1b22593f-0385-453f-9d11-5a707a5e07ee,2.749596,264.794231,1440.297529,2025-06-15
6064771c-045a-44e0-b389-67b4f3fda8e1,eff698a4-d5dd-4baf-ba1e-76c1dd6d38f1,4.308146,363.047914,1466.914949,2025-06-22
3e93bbcb-c8a0-40b6-8097-0c38f92afbe7,072a1bd6-1c73-4adc-b042-8a2438d1e349,1.966526,326.588034,1651.354944,2025-04-10
ed7df426-5bd2-4737-8cdf-f60cc07b52d4,798ee7a9-bb9d-4db9-a661-8ee1f358d56d,1.445966,193.433450,1473.64431,2025-06-03
c9902b13-8a41-418d-ab5b-58d8ecc49995,8cb853a1-6dbc-45bc-bdbf-3a370064d690,2.358947,285.261536,1604.8732949999999,2025-09-05
11a96842-72ae-4f00-bef0-80dbe529bc91,10e33599-5260-486f-8ce3-8448c978da8f,2.775329,196.533147,1411.132936,2025-09-13
5aa4b5a7-7077-4432-96b2-2c2d9252ae35,c11f3771-4941-4831-9230-3b84e180868b,0.281415,476.686263,832.851399,2025-07-27
8588765e-9eb8-49a3-8072-0602a5a36d26,8feb6917-827c-45d8-acad-d7397d9c9e31,3.214383,405.580322,1365.764217,2025-07-24
47dd1478-d06e-46a7-92bc-0121e9cbf17a,b6313cb6-a62f-4e85-ba7e-de600fe1a4b0,4.978505,112.651653,1155.5029690000001,2025-01-10
96a126f8-a232-4ba0-bec4-1a04c53aefdb,3d056017-cf8c-4b04-bbd9-361c9afecd51,3.715820,333.746876,1586.47235,2025-08-15
194a46ee-c9a1-45ad-a44c-c8adb1453880,3490c5ee-6576-428c-a2e4-e518a57e9c04,3.261872,266.561231,1340.799397,2025-09-08
a57a11b1-173a-4c5d-98fb-d1d968260bbf,1277680e-66c2-4979-ac1f-4e84f29176f2,3.070974,385.370582,1418.159465,2025-11-08
c58dfaaf-b272-45b5-bab1-a597b27589b2,816dbd4c-6409-47de-a4a0-2bd8b633d692,2.557631,198.315809,1524.123608,2025-07-31
e9753c27-8261-4170-bcae-fa3757d9ea3c,70b3b326-6597-40c9-b8a2-07b8f6584154,3.010668,30.777093,1688.520221,2025-08-05
68b14292-40d7-47f2-a2aa-434867e7b0d9,ba5308c6-6405-4abd-b541-081ec13bcb77,0.930748,333.740836,891.704783,2025-08-20
12d4acbf-8a84-4c03-ad0f-164c01ab61a9,7d1fa166-fe87-4859-9def-68df748bf50c,0.871903,330.765467,1409.595038,2025-08-22
6fd3a12b-3d8b-48a0-828b-63bbd7278e53,8b290547-abb8-4e52-8db4-4efbd38bde8a,3.919956,357.457386,1416.329115,2025-02-09
edf5b788-9cd3-40a2-95d6-70839ae8fee9,cc9a7597-b0a9-4dab-aa8e-ace04965a989,4.224292,158.488666,1242.939763,2025-04-15
0cac3469-2305-410a-a096-7ae39f8dacf5,1fac75e9-f966-4691-a56d-0aede7df2738,4.903190,470.336660,1656.245939,2025-08-16
daffef9e-7cf5-43e8-a223-9923e4d83118,4d444067-0fa7-49eb-ab98-cb89718697f5,0.335280,305.903622,1290.28698,2025-03-01
631cb18d-001f-47c4-84ee-6747492e0252,e2a8ba4c-5dce-45f6-b092-6d0e1770d78b,2.973695,118.147453,1191.45731,2025-04-21
46aaeabe-80f9-4ae8-be8f-96e3fe0aa175,ee16c7f4-565a-4228-ba4c-2d4c6954420a,4.494326,394.974574,1640.6098670000001,2025-08-15
88f122f4-b4c8-4b0a-aec3-800b3da97ba1,737fb853-320f-4a2a-95da-33c6ed8caec6,4.087690,237.243264,1022.996855,2025-03-10
74ee8cc8-62b8-4653-ac85-06b9315d5c4c,ed2d9a26-5162-4d9c-9bf5-97006232a326,1.608228,168.898933,1891.408766,2025-10-09
8dcf3394-945f-4a52-9ff3-0b15459de2d6,9687574e-b586-4c53-a985-fbc0959d599a,4.938783,394.545327,773.679407,2025-04-15
863a8382-0528-48fd-b1db-597f76ada2ed,6e31a40c-9908-40ef-a2cb-540f60dee73b,1.914953,237.451062,1283.578555,2025-12-08
8163225b-1b8e-46ed-b73a-0bd222463e78,f4e9bb25-b811-4ff8-824e-6d3c70c5f9a2,2.763064,272.995058,1194.573355,2025-09-29
0efc54be-4028-4c41-a04b-f2a739e94015,2457abc8-ff4c-4dbe-be71-23d1c0471ce5,3.198632,464.206733,1395.354584,2025-01-08
a9cf7fb7-f068-4d70-9719-4ff058077a34,0a2faf5f-1780-482b-8de8-da45c2911513,1.550723,40.633753,1349.440527,2025-05-31
4b40ed2f-898f-4c31-90c4-b184ef6f9556,e58de63a-df63-485d-b756-797598914536,0.204814,463.206930,979.7700609999999,2025-07-04
6dbf0832-26b8-4023-a61b-db31e762b814,642339bd-b8b3-46f6-8f00-15dfd8ffc64f,3.125706,281.822912,1673.368953,2025-06-04
cf2f7e5b-a08a-4d7d-9141-f06becbaff68,060cd509-c3c8-4954-81e5-f1cdbd9568e9,2.225430,409.768701,1322.549969,2025-12-20
1f85e431-565d-45d5-b680-c174c1d66beb,96806fa0-ee9b-4be7-b673-89d330e11242,2.636097,5710.774889,1262.946439,2025-09-15
e3d06863-6a0b-4ce7-85ce-4e1ee5af81a6,859f821d-8676-41c4-ad33-cdb5bbb89236,1.303573,21.121306,1591.2949350000001,2025-09-13
a035a528-5d5a-4556-9aa0-649d451b4738,8c3e6d82-d283-4482-b259-962ec920299e,1.839092,426.974175,1406.953907,2025-10-06
824d0e53-0212-464d-8faa-1516b73f7006,cf0654d6-480f-4de2-96ea-9d9d4f20aa92,3.743579,43983.610871,1435.041282,2025-09-30
232e9852-33f1-4d03-8f16-4e9312e60a5c,167cfe8e-5ce2-4403-a874-cd830c8aba53,3.900389,9971.226609,1445.075005,2025-04-20
4ad83d3b-e552-4fae-9188-0f169afc7d17,4c33509f-7ed8-4bfd-89c8-1d14283ec923,3.933875,178.934305,1312.950811,2025-11-28
8f521350-b4ac-452e-9535-add8481d1ed5,9bd61e8d-226b-443d-b2d7-26466acccbc3,0.353640,381.450432,1129.415648,2025-02-21
f331ea61-5d69-4edc-9653-2df6c60013e2,56374d5c-c82a-47d4-86d3-4f5c8d5be3c0,2.696688,78.057343,1057.740445,2025-03-05
f28f9584-e429-468e-94f8-bcaedd3d4b9a,f5318d28-60cb-4384-8152-36fc722f0d05,3.980067,67.787389,1328.640045,2025-07-27
4306714a-47bd-4348-ba83-b3bc89330f6f,7330ca10-c98f-487d-9d14-6bc6fdd01e5f,2.022754,135.773667,1075.644005,2025-01-01
c3f48329-77cf-4574-abdb-b2dabf85532d,7e4400f5-66c9-437c-9f4d-741a8aa98211,0.562904,46.699317,1216.501869,2025-09-29
4d3610f0-41c6-4de2-9210-789c973b8d28,6d494d68-7863-434e-a386-ffe08f741436,1.905303,265.243810,2046.2466140000001,2025-08-09
afdbb556-62b2-4e26-8ded-eb8ce8934954,41475552-625e-497b-8074-89e39b5a3a46,3.948556,308.824223,1574.778591,2025-08-28
3def1caf-99ed-402f-88b8-933f4859cf0b,296b97b8-d139-4bec-8832-ad05bea58e90,2.636312,96.268900,1383.901146,2025-12-08
3cd66931-a7be-4217-a5ae-7d580629637f,d05fc9cf-23b2-4026-803f-b742a4d3f7c2,2.862156,113.282079,1132.108876,2025-03-21
3a7249cd-632c-4ed0-a271-3c6fbc7018f5,eaf5df1d-550d-4a6b-a560-61e8585dcbea,1.653827,18.260337,969.691834,2025-10-17
a827e240-f815-43e0-a50f-dd7c51083c11,25274ca4-50bb-4e7d-93a3-fee687f01e2f,3.874792,9366.334046,1499.11971,2025-08-26
8818b8c2-8782-49ca-88af-0874ebf75279,4cf619fe-fbb9-4ec4-95a8-64afc0215a50,2.009691,196.573647,1217.1700759999999,2025-07-01
0b3443ad-6b33-43a3-b20c-669508d2bfa6,d7f66bf5-c562-41a0-96be-570ee8fa582d,4.573216,6342.659414,1232.192202,2025-07-25
f6f00aac-352f-47f7-bf2b-1aef5176b89a,77a6d34c-bbeb-4758-89e5-1647854f20c7,2.253899,92.918452,1196.223959,2025-02-19
933a583e-94ad-4575-a323-79949e1db0e2,c9a04f6d-71c5-4f6c-b9ef-9a8d92c302fd,1.300638,340.531780,1341.850091,2025-02-28
f023f541-0008-4396-ab02-34fa12f8e903,47593551-4482-403a-a8ff-bffa5c1008e4,0.799402,368.945040,968.923669,2025-03-29
45708f2b-cda3-47d9-ad0e-c68e9fdf9d35,49ae38c1-0980-4f80-9ea3-9a4231260e0f,2.920359,90.657860,1752.355087,2025-07-20
08b159e1-dc85-428b-8fca-5e3f11cd812a,8a0044c0-f04f-4d52-b0d2-61f5f03dbb92,3.358923,227.905058,1388.200147,2025-05-23
f301ccc1-ea2f-42c3-84fe-c83cc8858962,042a86c9-58fc-4072-b5ed-98c2e766ebb7,0.880709,86.988527,1635.799868,2025-07-15
116b99b5-136b-4e29-b319-2a36d1a23c44,9cd4c383-68b6-4bc7-9873-790fd2fc4bbb,4.156535,481.100389,935.628857,2025-01-18
20203b97-be8d-40d4-8afc-06f9a8c2e3be,c7d4541d-3a66-4ff0-a27d-a3020cceb23f,1.350357,477.086316,1336.295631,2025-05-23
09e45768-9f66-4cc1-a6b1-a6a73c6dbc92,9c88c38c-dd1a-4622-a1f0-9f3ee13b6810,4.043316,395.233167,1409.348448,2025-01-19
9c7b85d4-22d6-4e88-bcfa-ce89d1052f97,7eea6a98-c7ec-46cb-b012-9f84a1467c66,0.612408,205.685131,1229.594192,2025-05-13
249f0d56-fe44-4cc8-8e8f-d86b326c2708,a6837793-c6d6-4401-92d0-01531125de72,4.559692,266.194817,1770.184682,2025-05-19
4d690f3b-1409-4eed-b701-b64176d374ab,b38b2987-92cd-4fb1-91db-09c6ec504125,3.912378,422.084533,1359.918743,2025-11-14
891296f4-49dc-45a6-9927-c90f01519353,3b750aec-46b3-4038-a073-b1d55126484b,3.757786,229.833652,1373.302911,2025-10-29
1a78f6ed-98c0-4d7a-a122-73ce81a40cdf,1310a69e-a33c-4f7c-9df2-434094af72e3,4.006854,107.103633,1258.957969,2025-06-20
aa3c7e7b-5de7-4291-af46-759399889ab1,620fee58-21a4-4dc4-bab3-3e509d62f89e,4.953042,402.109938,1214.247647,2025-02-23
36d17dd9-2fc3-4d7b-b7b4-391964ca0354,7abe3e18-1544-4994-8cc1-fdc3a7f7a39e,4.609979,167.466898,1272.294418,2025-12-24
884bee66-835f-4f0d-a58a-60c69b360eb5,34dfecb9-1dab-489c-812f-8a726c991dcb,3.504008,371.282209,1010.743147,2025-07-15
976d2ab4-bca2-4625-a051-d82c6d8f57b6,617350ec-9cd0-451b-a0d1-a64002c68dd8,0.970493,441.990112,1359.220122,2025-05-15
8919ac98-26af-4505-9917-a7323e85d00c,340a1353-6b87-4287-bded-5492a580f1b3,1.156525,100.074458,1167.546492,2025-01-17
d2612432-6313-4b3d-a5bb-3be4f6db2f26,cda44e40-2961-4cce-9075-cd61953a5bd6,0.222126,290.707733,1462.065209,2025-04-22
06de817a-74f4-45bd-9c1a-3a9ea1340e18,14e143ec-c1f7-4c3b-a7ef-4e2fbcd1511e,2.391550,173.551530,1290.212553,2025-07-12
625ee9c4-2d08-4d13-abe7-927309479b23,31fc45b8-9406-4200-8ef7-d443f0ceb3c9,0.508896,134.755410,1207.126017,2025-08-10
9ef37c9a-f443-4c09-b953-8cec80acae9f,4723be40-bcdb-44f3-924c-7e201c98960b,1.471727,21047.605934,987.313767,2025-08-14
1389e416-1465-422d-88fb-e1f4f8968213,6a945831-b39c-4525-bcae-7772ce1fa4f4,0.414315,8151.223206,1475.811361,2025-01-05
55e65abe-1000-4558-9ac2-41c51bb9941f,7162fa0b-b7c3-4960-b548-68bb9af93c1d,2.679455,405.207240,1080.994364,2025-03-14
62672c42-e926-4fdc-80a6-6d4865e527a1,f0ff043b-6eb5-4920-bb7a-24207bfafeb8,0.071321,448.215312,1337.702152,2025-03-04
dccc7d17-54ba-4cc9-9e8e-ba77eba0b024,7bf1d9b9-2ee3-4643-a4e5-4f880afa83b1,0.818912,495.934700,1006.796903,2025-04-10
7715fcbb-55b0-4d58-a443-fe272660acfe,d248ae66-8aef-40c1-b95d-7abbdb1f5520,0.887066,95.310667,1167.025135,2025-01-16
dc856323-4c77-47a3-b036-de2f2e306122,e9fc24e1-1746-4ca8-9861-de6928177192,3.213862,479.228612,1113.285174,2025-09-03
09a2b049-2e13-4f1a-bfc6-adcbb7d2d0bd,9beaffe9-180d-4713-84f1-8dd4b2d416ec,3.167527,95.194722,1160.974221,2025-12-30
aaf94ffa-2c1b-4fd9-a1d0-798e2e2f02b8,faf683fd-579b-4256-8ffd-f5ace1acebdf,0.036874,20.128258,1107.587039,2025-01-22
fa125f25-6627-4285-96ae-7b7a23a55f3f,77d76d9f-6e48-4ed7-b4e9-3361f1afd49f,3.775491,32.067349,1295.883767,2025-09-30
f4baf267-19ac-47b0-8291-da061af0c1ac,0a8d5ec0-5878-4be1-97d9-ed31fad61ec6,2.321500,177.686127,1081.279628,2025-07-04
a984a152-f06d-4600-8d3b-5eb5f511bd9b,a54f2b38-5c37-4d91-9d99-a3502af77d7a,1.587947,396.194810,1176.975909,2026-01-01
07b76d48-db1b-477b-aa26-035a3ee13745,607ca09e-daac-4273-af95-afcc59aeff22,1.635259,212.065460,1560.545161,2025-12-09
ccd5d62e-06fc-4962-8a9c-521a1f747603,37a810ac-7a96-43aa-8ca4-e6c62b00a969,2.325047,176.507033,1312.797353,2025-05-18
e23e0b1e-dab7-4c99-9c49-da21e124eb05,f19f67fa-aa01-49aa-8bc2-c08022609b78,4.805145,149.675888,993.3679539999999,2025-04-27
15c67b66-361d-4c58-abd9-3ac78972e118,d4dd8f31-1bc0-4c11-a4bf-b85ff0ffc0d6,2.942591,198.907983,1547.548389,2025-12-17
35e78994-f61a-4455-8dc4-6d96e12a19a1,ae4b69d5-1951-4a9c-88a7-ebbfa93013f7,4.504859,92.590502,1477.504983,2025-04-14
c0a12a0c-c792-42df-9618-398180e61ee2,d4a55dbd-0300-47c5-b0fb-ca6686208af6,1.275822,496.252557,1694.22056,2025-05-14
73edfaf3-1c63-49b7-ac58-bb346f6ebfd5,f9058634-ef1a-4764-8fed-7497fc17070b,4.514543,11928.772810,1367.841917,2025-06-07
7e8d134c-08ab-4a96-867a-41a71a382356,b5acc65f-4943-4142-be86-4cd34d019a27,3.058185,60.427911,1288.097137,2025-10-07
9236ab7b-44d2-4c5e-9e5b-cb9222ae3c5b,75ab3671-acc1-42ef-bcd8-3577cd1512bb,4.478804,12902.488209,1161.679027,2025-08-03
6cf996a8-95ac-47d1-8bad-4726ab59ec1e,7ef603a6-6197-444f-9b86-9166bd0a9a85,0.927003,324.114702,884.838977,2025-04-08
493c4b93-d3d1-46e0-bfda-bcf01b82e71c,69b29b4a-4b4e-4855-8a12-79f81b30a694,0.782514,51.177832,1216.68217,2025-10-14
64687617-c4f6-421c-b8b7-0a4bdc2c1ee3,0998f27e-516b-4743-b659-e2753df7c853,4.698588,202.854877,1299.439305,2025-10-16
0952b41f-76a7-4c73-8526-c490e744d878,0fa2023b-5f04-4ff3-b23b-6ae8aecebbe0,0.641085,36.381858,1110.241821,2025-08-31
f6dee6bb-3ab4-49bf-972e-c9fcaf17d1e1,d62cb70c-80c5-41fd-a4b4-c17ebe7510bf,0.792108,336.493029,1467.0295489999999,2025-12-07
6a096bec-a64e-4e65-ab4f-8df0ceec4d00,0c455b9d-6cef-425f-8f7b-419ee1c3f0fc,2.033974,418.699216,1282.124209,2025-02-03
11dc202d-03de-4ad9-938f-c99d3e42d58b,6c521708-7cab-4229-873b-98c199ce2f39,0.709654,144.827549,1346.625062,2025-12-28
c74c2ce1-966d-4b95-9784-9ba4814e7308,2a870d82-4526-4fd5-b62c-c977274587a3,0.038641,485.601896,1322.836302,2025-04-14
47518137-241c-486a-9b2e-56091ff9674e,8b9950b5-c94c-4a04-b162-f9459afe3c0d,1.681063,64.716247,993.496349,2025-06-21
ce356909-c007-4752-ba75-4084dab2b55e,27982a6a-233a-47c8-bfc7-5af53bed301d,4.705417,321.466804,1485.12066,2025-03-17
06ff8c91-25c5-4d64-86bc-45c2cbd4fcb6,63971678-c33b-4edb-813f-3a90b53d5c00,2.925799,154.009268,1287.206651,2025-06-21
0f5dfd07-9001-4e3b-a9e2-e997b4882378,b2ed0da0-6bad-462f-b78f-b6fa2f93fcff,3.716511,86.952855,1104.241819,2025-12-06
57bd8a5a-d1cd-4455-9a7e-ea7138825bec,54604651-3e68-475d-a058-1c3a89fd218e,2.017373,222.156736,1248.7755,2025-05-06
02dc544e-423a-4931-8544-16a7ec80b424,ca9ed558-5213-4042-87cb-1dcce172377c,1.307801,258.371297,1519.028842,2025-11-11
eccd6ad5-34fe-40dd-a689-3733a9f9c735,91ef7b9c-2b2c-4f81-a983-d28f5b966665,1.198683,62.618862,1618.487117,2025-09-03
492425f6-785c-4338-b4c8-d4d4c8d8fa7f,afb20b55-2c52-468a-9592-82b8b6057be5,4.602167,440.091171,1212.424517,2025-05-25
1234a06a-cf38-49ba-8269-2dc529badbfa,ed3b409c-855c-43c9-b42d-73be31e325f4,4.905383,422.581466,721.64965,2025-01-16
eeb93138-f9a0-44c4-aa8c-6bf261b6f925,ba93d798-8368-4c96-982e-fa8638d5e512,3.369004,392.491864,1128.8394819999999,2025-01-23
f20b1003-f978-41df-82a8-4919b92bd0e7,00b85233-c1d7-4110-9f0b-bcd2ec7b03e6,4.401930,45.155269,1455.710081,2025-04-08
3777c9be-3c96-4d3f-a830-dc3859465a0b,8cbea1a6-a082-4b41-83d1-5195163b4d79,3.998898,0.021665,1556.247003,2025-04-21
1bc8d067-0c2e-4550-945d-f4b55c426ee8,2c0b231e-a029-47c8-ab24-4d57b046e3d0,4.438541,305.872167,1555.049435,2025-10-31
3291df5b-63f8-40ef-8103-67a8c529f423,12900409-bded-433e-8f79-70171abbaeb7,2.376886,154.888721,1528.861226,2025-04-03
fb97b3ef-7d52-4018-80aa-f9f52a8aad45,a4664412-ff54-418c-9387-950552c40473,2.323791,424.959749,1080.16886,2025-02-01
77fd5792-ccec-4196-8b7d-6dba877ce91e,53bae3fb-f531-47bc-9683-5d057725015e,2.391575,470.447642,1492.79502,2025-02-17
c8052fac-5ed2-46de-a4c5-f1d225eb5184,9ed7544f-65c0-47ef-9d78-c2441ea4e769,1.747919,41316.749140,1072.344177,2025-04-05
c7c9ff7e-d290-4cb4-8f24-6f9f7ba3b845,c770e958-b501-4a27-9b29-e69b8d418dc0,4.749668,332.763789,1333.820568,2025-06-01
ee0e918e-faf7-4763-a263-679fd4f923de,1edeeebc-3d6b-4745-9faa-535f8bef2704,0.518551,370.441967,1309.174145,2025-10-25
65ae7b70-fbf2-4723-ae2d-5759d72d3d9d,4b8801f5-60d3-4c18-80b9-7b4875818d49,0.884256,12.441144,1552.539345,2025-10-03
a2dcb80d-5e45-4c7a-ae62-dc52a24ee1ff,0be980af-43ff-4f00-8c6f-75c5996894f5,3.063834,142.707658,1239.690068,2025-06-13
9ab9ba44-024d-45e1-9714-0ffe17425ce3,6f25597b-4e89-4a9b-9c80-5dd3eadafa20,1.790058,28178.594251,1066.850176,2025-08-31
e36e2e96-7027-447c-9c28-dcad1a5a73e2,1f4e6441-961d-4f3d-9014-f3ddbcbab67b,1.420074,160.586956,915.189423,2025-01-29
8eae7f59-a68c-4f3f-8631-137e000d6706,581562cd-94a7-436c-8a60-ef949be3590d,2.260232,187.096805,817.328785,2025-12-20
85b69c16-1039-4429-9d25-7d7bcb856dea,88edbd9e-bb18-412f-a2a7-b940264075e2,4.940133,4902.032765,1533.585175,2025-09-01
c26b5e55-2dac-4265-b5ee-4cbf530d895d,f38c47ea-0e89-4e1b-b7e1-176bcb81bfc3,1.330398,372.115432,1193.682815,2025-12-26
a926c942-0919-4863-955c-4171a3fc1bdb,b24a9c0b-1a2e-448f-9a48-3937c5389fd8,4.041334,65.679925,957.223754,2025-12-18
037d7252-7cf6-406c-bcdf-9b8a2e159bc7,fd9990fe-ef6b-443f-bbe7-de5bc63ada42,0.188767,437.275413,1379.235604,2025-06-21
f8b48562-2546-4fa1-892a-d58d666d396a,f52b6da8-842f-4bed-a0c4-cd6ae5b58313,1.951125,376.419716,1209.592428,2025-02-02
90ded5cf-cdc9-4482-9331-f93e7ae91455,00c34057-06d4-4c4d-9247-83e877e326c5,3.572607,480.491364,1189.623798,2025-06-30
57c8b098-6b0f-4b34-97ad-aa809c832c7b,9059af87-d19d-4b6e-a215-e4377cc2a832,1.962661,300.220632,1531.624749,2025-06-15
10b70bde-9c4a-424e-b875-f700514cbfb3,2020c25f-8795-4193-be30-7d2c4e25fc59,3.994915,203.055550,1170.350669,2025-01-29
84347b55-12fb-4206-9096-6fb191c395ed,6fe89569-8003-4a86-a934-a05347c9d6e0,4.840501,112.090680,1277.412844,2025-07-19
c83d2c34-fe4e-414f-8e6b-57e648429d36,9d21a82d-ff25-4d97-aaaf-868711bc9dfc,0.654439,242.081606,1423.160196,2025-08-27
7a2f2661-2cdd-4613-bb97-c0f93c3a7391,5aa4d98f-a0e0-4874-9026-d4a0ff9551d0,4.832253,246.889115,1121.712028,2025-09-07
f8853936-4542-44d1-93fc-3d754741b607,ce75cf28-f6bb-4c59-8565-c6648d1ceea9,1.229606,439.239591,1347.7566160000001,2025-09-06
c1a6bdc5-4d72-461d-8eea-d0cb25017656,7565eed1-9393-4d16-9796-08bf798f3adb,1.079069,146.452099,1291.664345,2025-02-17
a25ba45e-47f4-4f33-9135-337049c9f61c,67e64b02-a39c-486c-bb7b-24e8325d5173,3.566352,263.355315,829.054306,2025-09-07
1232b506-c69e-4895-98f9-0ea2bc334b82,38b81053-adaf-4c88-9950-ee5a597e368a,3.145903,31.367387,1026.539778,2025-05-31
59111a10-494a-4ea5-808a-9a39df49621b,57817dec-7ff7-425f-b7e9-8165cd65b94a,4.040775,395.971213,1442.176628,2025-05-05
accc4bdb-25e5-43e5-9d8e-2e2fee9ffa3d,c6c10d4c-82c7-4791-bf38-a6b882c1b229,4.531981,386.541517,1133.774852,2025-07-23
326f2f69-b06e-42c7-993e-920645b909e0,aa98fd65-1224-4acb-bd76-cc35de25f743,3.624155,214.660386,1483.776758,2025-10-31
14e93bf8-4808-4c4b-a39e-63f252a9cba8,523fe659-9ee4-43f5-909e-0b9d7e6c7105,4.691188,93.515683,1344.297489,2025-04-05
d69b6aa6-4e7c-4c87-95c6-3ced0c0e8eec,ace63143-6646-442e-b7f0-1fae3481e190,4.527478,211.392667,794.570327,2025-09-25
8eb9a6db-d88c-4a04-ad4a-a1ddb9458496,57dc7c60-1ddf-4723-bd8b-f49884dabf9d,4.713639,367.972821,1633.47759,2025-06-21
def018c4-af2e-4f64-b171-74b8fa647acc,ed844937-a6fa-440c-8f50-f9c0ab2f7567,0.597597,208.039514,951.792322,2025-03-16
f2f212a3-1d09-4ff4-a1db-ea65cc4eb1d2,3ab72cbb-4457-494e-90ef-c85ce32baeb0,3.177684,280.626964,1483.23528,2025-08-05
c120ce84-7a83-41ab-a3ea-eb06b884f18a,3f8eeebc-cba7-407f-9a30-1e268d4929bc,1.755424,254.951016,1162.093501,2025-03-15
673c3d13-a187-48af-82ed-387094002181,bead7d05-a14b-4329-b73b-f026edc10923,0.861082,229.850710,1295.6436979999999,2025-12-29
f5d63755-27f3-4dac-83b7-abc8f81591ee,6a06b3d8-6a12-45d2-a3fb-931b61f47034,4.734346,25.299181,1262.908203,2025-06-30
89e004c0-ce37-4fb0-a6e2-5c0b2114ec0a,5738d51c-3cea-42a3-85ea-41286e454786,2.508933,13.765485,1771.2684040000001,2025-06-05
3d88402b-6c7a-4a40-912b-b369286acfad,20692566-74f7-439f-9e09-4002d8b1a900,4.666166,470.202638,1290.67425,2025-11-01
ae8fdd67-8a19-4207-b9b7-15717fd19ee5,08fd133e-a014-476c-ac2c-dc84743916ca,0.178604,178.193671,1121.454908,2025-12-02
5a514982-4e14-4ff4-adac-773bb28e3925,98479776-a739-483f-861b-dab6eaaecf58,1.780145,85.971278,1485.00811,2025-12-08
d9ea6f3e-d67e-4612-b5ee-70238dcf449c,1b6312ad-8aca-423e-9a3b-c1d16a61b83a,2.768136,16105.119439,1321.910632,2025-05-10
1c055b7a-c04e-45cb-884e-cdec257babc6,4db910a7-4111-4270-aa37-ba5b5a43dc4b,4.331057,417.563797,1180.982771,2025-08-17
bb777625-a057-45fe-ba54-52e8883cb258,938827b5-3dd3-4661-8146-7e0f4faac965,0.569697,13637.938037,1340.174867,2025-10-24
8009c599-5520-4d4f-8748-04a75662df4c,3bb6949b-51c4-4890-8605-0026e9e8f123,1.887207,105.020535,1036.9308,2025-02-07
c8fe49e3-819d-435f-b51e-a30952c2c4e1,58690eb3-2fb9-40e1-86bf-13b94716443d,1.134716,433.415917,1519.882186,2025-05-06
dfcdd56f-d70f-4079-9d71-f88c39a8d4a8,eb67f55b-debe-4b19-a3e2-2d3732184c10,3.595387,474.333296,1479.779766,2025-11-05
2145b534-ea9c-429a-8c88-81fb30d56445,9e163e26-b3e6-4614-8c67-dc729a3bb4fc,2.317722,494.955694,1262.901579,2025-05-03
64729b54-20bb-4049-b5bb-12167c215c02,ae90185f-d12b-48ec-a093-78d2e87507f1,3.858606,90.783594,937.4821929999999,2025-03-24
d3049151-2c6b-4dbc-8073-53633955ad77,dc8c177a-6650-4717-84cb-dd047643369a,3.870667,199.835561,1199.234371,2025-11-05
73b9fb96-12e7-4be4-ab55-a09419cd1e60,17bc070c-a75f-43e5-89a5-f5b87e0059a6,4.030121,323.264516,1243.42621,2025-01-04
23717859-71b1-4844-ac79-cf384f0e4a66,7dbcc7da-2c32-4634-80fb-83a892f88a96,1.419149,39.556222,1047.832603,2025-01-28
118b4898-8511-4505-8187-464f7d55fd14,e7cb3618-13cf-41a1-b5dc-c4d6080e3375,2.467160,280.458552,1181.206199,2025-06-15
e8cb4d41-75e5-4846-b18d-8ee2d77646e3,54a66f0d-def1-4de1-a566-d46907a6acf8,2.799921,42725.614686,1426.438324,2025-08-20
27693efa-b712-43dd-af3d-81dbc57bb85a,0f605b36-e2ea-480f-ab1f-d238aea338a1,0.424120,490.898965,1572.910733,2025-05-06
be53ea6e-89f3-4cf0-8f02-78ae7f392e55,1d99d4a7-67f2-4c72-a1b1-e1715b2f883f,1.435460,492.022173,1142.636061,2025-04-29
bc56b4c2-32bf-4826-8f3a-ef46940ac6bb,d12c9d31-a906-402c-9e2b-097c78b40528,4.023090,452.514903,1272.035717,2025-04-05
a65f5839-9149-462a-8694-5f6f9e596904,2c8bdb40-d597-4c1e-a115-37706b2c7e3c,2.447257,463.295904,1676.136491,2025-08-11
cd40601a-d8f6-41b2-ad95-0c844f7244f9,99c94185-37ef-46c0-bebf-78aa45ea4bfe,1.106551,282.885612,946.040187,2025-03-11
56b85558-c2b9-4282-afc7-92ecfa75bc15,ec002204-d431-4a3b-a16b-e45f2b8697bc,3.786239,1.064761,1193.88464,2025-05-11
90cb82db-b1c2-4fb1-bfe7-615c8a79e84f,47975195-53b5-457f-b5aa-7495334a0dcc,0.588541,395.663103,1280.878748,2025-08-02
46cc6353-421f-4342-865d-b0bb8848501b,3ac3b287-e302-4e5a-93ef-4769123e3b21,3.352412,372.850422,1638.470363,2025-02-20
26dff32f-167c-46b8-9f9a-3dc11e0f8cee,e48cc199-ed8d-4727-828e-a7ee4759fb16,4.491402,361.619060,1251.878924,2025-06-24
39cce748-8f11-4e1a-8db9-215dd14409d6,f776edce-56ed-4c07-81a9-47956d7dcc5d,3.412515,333.012230,1124.285206,2025-12-28
86430156-91f4-4b1e-974b-87147c954e93,5f9f6904-837f-4bb1-af9f-697dacf3498e,1.191230,57.443695,1891.675436,2025-04-03
511ac130-b5d5-4662-b67e-409f2f38cfbc,cafcb85d-2259-48b2-8773-5bc0b859b839,0.946254,24.527083,1278.852904,2025-08-24
416080ee-70c3-491e-9b91-a3a870d8415d,ad5a3b03-5b30-424c-8eef-bae76302029a,2.223201,6.657784,1377.1590820000001,2025-06-03
8c953f98-5664-499b-9b4e-9aeea2e3bf6a,79b6cb38-93ad-48f6-823c-a4a39bcf0b7c,0.385950,33.663398,845.4949399999999,2025-09-05
9e715a03-ad8b-414c-ab4f-03d93b6f2fe2,e1e92a41-131e-43ee-88ca-85e31c5e467a,0.141158,81.697548,1459.446419,2025-04-25
818850d4-c7dd-4832-834b-1778930b2d60,315050ec-2759-462c-a548-ac2280da71fa,3.426230,318.680786,1335.019797,2025-09-04
2a345466-e9bd-48d8-aea4-83a6175d2a3c,572e617a-9761-4bce-83ac-79ce091a5f02,2.163633,403.913998,1221.502218,2025-06-08
fff0be82-cf4e-4b81-9fd6-8834562953cf,3f881219-c6f9-4bcc-b8a6-13e213121639,2.361330,106.826282,1322.755326,2025-11-28
27eea9ee-2d6d-4acc-a884-beebc6387323,ece97a37-4c30-42cc-a7ac-58f77a26f0fe,4.039322,473.367279,1378.823098,2025-10-03
8389d741-673a-4e85-bcbe-f149085b8bbd,5a74a5af-60a9-4690-a4d2-17c908fa3e5c,0.546097,86.690150,1027.216206,2025-04-14
5e65de50-1e7e-40ad-9866-3769d10d49a3,0d1bd93d-4a99-478d-aa5c-1fb9a5f87b35,4.692840,6.167133,1622.246767,2025-12-12
a0188f66-19db-416e-b762-13cbfd70274f,f7a2e998-92b1-4a5c-837f-c8cf87208eef,4.427139,476.670411,1367.377197,2025-08-01
42bab304-0b81-49c9-adbe-b71e86dd9f28,3db1ac06-c2ac-485e-8ccf-c9919af97f5d,3.770589,390.742978,1379.53144,2025-07-09
f8bdab54-77f3-48ab-b21e-3a626a2bc93d,fa755ffc-4b14-49e7-875b-57c736bc02ce,1.826305,155.590271,1398.4555500000001,2025-10-20
fe2dab30-3040-4c81-ab44-9fdf2666db0f,3356b04d-c1a7-49bb-aecf-42abfd8583be,4.382333,454.772953,1332.589711,2025-03-08
fc8238c9-8138-4bf0-99dc-85a691b14336,a61e8dc5-7a37-4911-a6d0-d48ca8f93e67,3.178952,223.783956,1487.239276,2025-03-13
b59a2f8d-e388-4caa-8365-bebe2249fbee,bda2b67b-e0d9-4023-a320-ef94a1d1f34d,1.048917,381.011323,1023.742424,2025-02-08
8e91ccd3-8d98-433c-93ea-86ece327ce1e,3b02facb-7107-469d-beae-389fa4285760,3.214083,274.011199,1216.944588,2025-11-03
9073be0f-01e6-4e2d-aca7-5390166f0d8f,85d3ba85-95bf-4806-a33d-b3a46ba6c9af,3.393205,460.766478,975.112554,2025-01-14
b123a664-d692-4981-a7a9-507920dd208d,55d4f2ba-5d7c-4c4b-897b-0d1b00c1d529,3.178955,80.001412,1152.674354,2025-11-25
87176831-27bc-4481-b5c0-16397ef1e304,4dfb0226-4f04-40cf-96bb-a5245ed738b4,0.262660,13.363794,1185.299476,2025-11-16
d82e801f-42e0-4c5c-9075-d4b14556223c,8a1f023c-9e08-43df-a4ea-08e754559617,3.128637,48.461432,1191.128317,2025-07-13
0f31ecd5-8637-4af1-839f-e44015e66f7b,ac17a5cb-e24d-4ff3-978a-7fddd6e6d7c2,2.473830,422.941002,1284.772132,2025-10-13
a07072aa-f809-4c05-8721-008dbd13db44,32cc8389-a25d-4e46-93ee-fa92d37cc571,3.387204,164.799971,1543.156337,2025-05-31
cccca46a-3f78-4d6d-936c-88d99f727ec6,efa39323-24f9-4ff4-ba5f-7cb16133ec71,0.653559,303.969267,1262.598842,2025-07-07
0f33e3c5-4eb7-4806-bdb5-f59e8a5e3e38,c8e66fb4-7cb7-406e-be07-64150e0b6835,4.265098,336.214799,1257.533688,2025-04-27
19758191-97b4-41b0-a2bf-284f35ee3696,d544875f-6fef-4885-88df-7620bafc2ea4,4.852189,143.281904,961.060151,2025-10-06
d5fdef21-ae7e-44d6-9ba0-e7318b7b15b5,74c58e85-376d-4003-9dbd-94fe0e6189c6,1.179769,306.195818,1034.84537,2025-12-19
ea018ea3-0e0c-4445-af58-25e09fbdb7dd,378cf241-545e-4236-8f9d-0b3b31beee73,0.272235,495.126795,1314.881327,2025-08-14
9253d75d-ac02-4f3a-aa12-d31aed833224,1552b47e-09b4-4418-a1fb-ca6a9f512497,4.128059,31.015756,1499.330056,2025-12-11
94f63cba-e840-4391-9f3d-f5258b1adb45,36078787-d433-49cd-8f8c-e49c5cca6a4c,3.261774,76.501379,1168.079391,2025-01-29
8438e7ea-bb2b-4a6d-ae41-ccfba744fae8,99ba00bf-0567-4d58-8942-bf867ba3c8aa,1.040610,156.314043,1391.545642,2025-12-18
9181d267-e6ba-463e-9681-302bee0dfc78,567651cb-7152-4516-8adc-13f6eb5bf668,4.866335,216.497452,907.54278,2025-07-14
7adb9034-d55b-4b48-a785-bb50831c9d39,97eb01a4-ffec-4884-be53-5533a43d9276,2.024988,327.963613,1155.967939,2025-06-13
4d979adb-482c-4bd4-824d-d21e10d0c920,93f3f833-a590-4bce-bcca-b05fb8290954,4.895586,422.470676,1269.068997,2025-05-07
b9c59a51-816f-4712-b981-9e87cc8f5b8b,2ef78a6b-d52a-48b2-ad17-122aac9b09d0,4.359070,279.858166,1647.887183,2025-12-12
9d946200-8010-4631-9c7f-aae27f2303f8,9129dafe-f43d-483a-b16f-210273bb3d50,4.071953,279.754840,1605.0641190000001,2025-06-10
ba61c7b1-2d6d-46d6-b6d9-e8c1efe49de9,d241f407-e7c9-4757-9704-8e846a3dc269,0.562675,6562.424276,967.5083960000001,2025-01-23
3c72f822-71e9-41b9-8dc9-20c477f9b8ad,2b657c65-1ebd-4cfe-a549-4a3a3fcb2653,3.425184,489.890904,1253.751448,2025-01-25
24d423d9-d01c-4725-ac69-631be2bc13f6,543af14e-22cb-4fd4-a19d-65ca4efb6585,0.969720,28.867531,1244.3975520000001,2025-09-28
7e982c35-0fce-4f3e-89e4-d0f0774fcd00,47963151-5e62-4601-92ee-2690c42ec2b2,2.260956,369.731084,1037.30189,2025-06-10
50655559-5f60-425f-b88f-8a6c0e3a3b9f,9672e4dc-91e2-4e53-995c-5606ba0ac896,0.832847,457.088548,1188.843434,2025-12-01
9970cbff-1f91-4d6a-aff8-6f1a0f8ef3bd,8c1ad374-6fe3-449e-8fbd-f986193b2686,3.161162,442.175556,1262.946395,2025-01-12
75d02849-e020-4845-8123-b2fa1818f460,bdf17ba5-3e87-432e-b991-02c6668f20c0,1.698313,111.746467,946.076761,2025-12-18
ab10188a-bf03-4595-8139-f2e184521f01,ab8d1ae2-952e-4c24-824a-b616352f8c22,3.806582,472.111062,1267.5288540000001,2025-01-10
6cf0a1b0-3350-4340-bfc9-03aab8ff7148,0e05a33c-d52c-4ace-808c-56a8877b22ad,0.265531,373.042871,1497.452723,2025-03-30
40d21511-dc17-47a4-92cd-4751e05357f4,4d75eafd-5afa-45df-9405-dbff615c29ac,0.405484,42.449422,1628.396074,2025-09-23
4efe11f2-b06c-4fe5-bf6f-05e9d91651ff,eb16cc5d-5c6e-4b8e-b7a8-5a19d3ecd4dc,4.929038,323.356719,773.427159,2025-02-27
2d92c119-2145-42b6-ac74-5e659d2fb075,0c75a69a-5b64-4c7b-bced-f5f313e78c47,3.357158,284.368523,1116.931448,2025-05-12
26a49c58-6e70-49f3-b666-368794cd8113,223aad86-8fd6-4a79-a770-686beb93af68,1.875033,342.384965,1365.443003,2025-12-14
9ed5d539-88c5-449f-b571-e3cbf78a7177,6168f8fd-94d3-45d3-9385-7419e1ec3095,2.632079,237.140512,1395.095914,2025-07-19
b8e22481-68df-4b81-972e-bae1bdca79bf,cbde5598-f76d-4409-8f34-f736286323aa,0.126524,260.581691,1156.599794,2025-11-10
905ff9d5-e544-4fa8-8664-554b9d7f0fbb,238a9675-d75a-45d2-bfe0-b9c49e2e267e,2.104464,8.070501,1314.992779,2025-03-03
3af66b2b-023c-42d2-bf53-e85e48643a93,b538f94d-d0dc-4c42-893c-0acf4f2e710e,2.674988,489.800840,1116.941273,2025-09-25
147c18d3-9c18-467b-9a54-8af10a3fd4ca,f33db6a2-d128-4385-8adc-7bdbfde272a1,3.546837,256.226544,928.8946500000001,2025-01-02
d38a3c82-1aa8-4fe9-b005-c3b79742197b,1f971abd-d931-436c-9fa4-fc24af70fe75,2.430858,77.696711,1280.307535,2025-04-10
838676d5-912a-4e42-862d-5fd4666228e4,b05e8fd3-6077-4da2-9958-db059dcb7703,3.320248,472.455420,1258.155766,2025-12-27
5aedca42-f07a-415a-82a6-c30851d8e197,8ad7a8e6-593d-4c04-bf1c-cf70f8e2ae20,1.823423,443.234611,1282.505303,2025-01-18
488b7076-73c2-4482-87c5-3663b19ef49e,b52ee84a-1171-4a2d-8bd6-b734c06a5b7f,1.393979,51.897868,1125.513659,2025-01-26
f960f6dd-21bb-4cff-b246-cd945a606121,27f0e402-39a0-42f1-9a78-b9241acfbf16,2.600661,250.565321,1701.472435,2025-12-06
63c7fc15-1a8c-4b2b-90b8-2bea285d9a6b,b38ab5eb-9f9d-4c8f-a759-bbbabd75b1a1,2.223052,312.126943,686.700712,2025-08-05
8ae8a1df-6c3f-484c-ae45-bc2257ef6b31,1796922f-a07b-4ea9-9f52-7270afe3fb9e,4.496886,255.148012,1731.965893,2025-08-31
89e2c2ba-11aa-429e-b9d3-bf15a8aff996,ebc735f7-f146-4850-ae7c-b59619a9404e,2.826510,232.197119,1600.893038,2025-03-11
69e811a4-bd52-4741-a16d-e49d4599444f,22faadae-e5e8-4ac1-bb98-ddef41e267f0,0.690076,313.157720,1247.42357,2025-05-01
638f12d3-0908-4f8f-95e9-581d8cb326cc,ea61a3f4-09ca-449c-9a4a-1de912cbe4a3,2.119099,261.975559,1280.395618,2025-10-15
9fe51cf3-b0fe-4074-b459-37401a09f8a4,d4fd1dbc-edeb-4358-b281-163482e027df,2.704343,89.411842,1189.09426,2025-01-01
bfbac1e3-10be-4897-a8f7-d6e7f910abb7,8ab38160-9cd2-4054-b49f-8f3ba79d5cf6,4.059788,293.503745,1708.830074,2025-09-13
e7a0eb76-425e-4af5-856e-824ade5698ef,d0b7153b-9bc5-4fe0-b78a-0b14fa476a39,2.258380,28378.464053,1411.653738,2025-06-13
3f5aa050-4f73-4a70-ad66-e8c2aa644163,f1446152-8ec3-4a7d-a56c-1d20c284148c,0.390815,195.789213,1357.9900010000001,2025-05-15
157a119f-6123-43ad-8172-43c4c9214f94,34408d1a-ece2-4868-85ac-f7031b4751ac,1.550408,215.177937,1202.648727,2025-03-31
998c82f0-1d3c-4205-9f1d-6cf13aac98f7,c8310dda-9387-425c-beeb-d70d4aac023d,1.400489,32.008568,1359.523121,2025-03-16
31cf4a25-1cea-4fec-a97e-35c6a176f971,74c7b104-455d-44b6-a92c-e575e0318492,2.206755,396.062709,1587.956301,2025-01-24
612c7002-e1b3-4690-824a-327da3fca88d,28465ba3-89ed-4af5-8116-ad50dce8f335,0.638342,86.424442,1311.790147,2025-11-22
ded77b49-9ab8-42f9-a7f6-2a743efea7df,51c319cb-34ca-41d6-bafe-9a570486a02e,0.435865,19228.480085,1787.944356,2025-07-06
832a5787-3abe-4557-9048-da2b3e794322,7d1d11ac-0048-4915-a346-6035c4dfe7df,0.765109,207.517725,1285.385142,2025-12-02
9dc633c2-b6a4-414a-a08d-e0ffbe070525,db841f3c-0c28-45f8-8fff-320ecc258a63,3.967304,116.527319,1029.73661,2025-05-04
9846d210-0f92-45d4-867b-5e9a4f9cb802,c382c34b-5845-4e6d-9353-f67e03fc6025,4.496035,58.029019,1429.402091,2025-01-31
5d6c3100-f226-4213-b3d2-7f0eaadff626,87448176-38d5-48b4-bc0d-c178ade54e50,3.743171,409.374348,1219.237146,2025-04-02
9558eb6c-986e-4ea0-93f3-ce517e674b8a,37d692f1-57b3-4dda-9a15-74923fa7c6fb,1.185229,339.520445,1570.643146,2025-03-21
66854f79-2a51-49fa-a868-5cb0e40abafb,6baf12fd-2e85-480c-a11d-acc7803328dd,4.276848,218.103994,1508.301606,2025-11-08
1fbe36e4-1a61-4ee0-bdf9-03f0d93f7560,aa7f27bc-e646-4db2-99b0-fa2dae1a9bc3,0.417639,284.523973,1216.160565,2025-08-28
24223954-2b95-4216-bca8-dc25e5462f66,fa3806a0-3e52-4fb2-aced-b17cc11f530d,3.953417,115.723317,1062.673947,2025-11-08
246bebea-ab1b-4c43-b4fb-977df770c7c8,531c04cd-5c41-4445-b8a6-efaea418458b,3.363678,30.965272,1382.138337,2025-06-19
3e888861-84a3-421c-8349-25d08c0aee0b,fe16cc8e-83ef-4242-a19b-71968aeb0fde,2.440432,351.954310,1356.964028,2025-01-30
cbd18897-440d-4b00-8f8c-15198b99d046,9ee8e560-f9ff-417f-a6f6-0b8cfdb81f22,3.826192,46.911468,934.369257,2025-11-17
95cec48b-ff38-40ff-8347-86ddcbaa9d72,f8a949c3-ae32-4fc9-ac37-6227d4558c24,0.669155,23.085252,1737.142427,2025-03-22
a8932b64-f9b8-4f0a-b9b8-8f4c23c70e0a,13a118e3-73fe-45a5-90fc-32c186008190,1.846659,177.980435,957.896058,2025-02-27
a427b1cc-2bd5-466b-a2f6-f0a6bac6faa1,924b0570-0dd1-4c27-af1d-cb2bb06751f1,4.342413,28.840007,1200.0371890000001,2025-01-26
0d8343f1-bed4-457d-9e37-b42e1c323f2a,cb7317cf-42e6-4b0c-b684-b079154a969e,2.733806,100.784758,1829.109866,2025-07-21
0644e34b-5eac-44ba-bc58-603473329a9b,ca215d86-6a06-472d-8623-43c252efbee5,4.559572,120.587223,1154.357485,2025-10-07
d3549e73-e78b-431f-ad14-741d5351a1c8,b11fbd19-2ae6-4841-95a5-c92e4396f752,3.592618,280.282003,1521.914406,2025-04-09
3b7fe3c3-0921-4363-b355-db66e7680213,15065db3-8f45-4dbf-8591-823eaf9a121b,4.717411,407.667214,1363.57375,2025-04-13
8d14109d-4bfb-4266-a82d-346d1a9f6e7c,bfb41dbb-d59b-41be-9cf5-a23dadbe7bb1,3.009652,413.132961,1532.237255,2025-03-25
784f3da2-9d8d-47c4-b762-fc55f8dcd3bc,ccc73f0d-e931-4f3f-937c-49949141bb38,3.457233,174.404776,1192.882184,2025-02-07
dce677ce-a159-4d43-a1f3-8dc760010e04,283f3fd1-e323-419b-a809-b71cfdcfd4d6,3.271115,234.891873,1134.313625,2025-04-21
13219c18-2345-4eaf-a4e0-8b327be8edc4,80168bac-6b04-4a69-a201-025f366cb90f,1.244367,6325.911303,1195.617125,2025-05-09
4063037d-c0ce-43ff-baf0-7988da6f020e,50c6996c-3b7b-44dc-b90e-ca0ba3af7dbe,0.398173,222.350148,849.347101,2025-02-05
2f6e5ade-0863-4edc-b405-03abe1642ffe,528086ed-a3a7-4476-862c-07a7223d0bf2,2.955205,52.261691,1071.414147,2025-11-12
4c81ef9b-96c5-491c-9db6-06b448e34ac3,15264307-ef41-48af-aade-f35db50e92f5,4.556530,392.483803,1450.587102,2025-09-25
ab9af556-4e26-41a5-b748-cf180aa1159b,a5bab74b-d143-4e79-8a7a-a5420e877c1d,1.131384,451.572494,1246.591432,2025-04-18
fc7c37cd-f101-48dc-8e72-bdb86aca3f47,b5b0d8d8-20ef-482f-a40a-d30f99244dc0,3.957818,8070.895988,1067.237399,2025-03-14
920ad484-8350-40f3-99a6-20feebf2ac01,0f73912d-85de-402e-b6d7-c4ba45ce19bf,2.663123,207.433260,1085.404245,2025-09-09
19365765-e231-4458-8dec-a14e3d3462be,cff329ac-f12e-45f2-9380-00f5b042b77c,4.809300,415.231106,1244.728287,2025-08-17
1785d302-b2e2-4e6a-adbf-4cca24e649e0,1f814b0e-dd94-4a79-bf08-4bec3f2620fe,1.177979,300.928999,1038.070102,2025-07-07
5397c63f-894e-47df-97f5-2c9b40312aa0,3476160b-6654-4749-b601-e468319f4c24,3.174034,142.453054,811.370737,2025-02-25
79aaa7ae-b1b6-4315-a363-b13c9f4af396,b9c9c05c-0c92-4e55-9e77-f9a0cb6802c0,0.342875,76.291623,1578.900109,2025-03-19
823c22a2-ef4e-4b15-b99e-65de7da98af0,0a4d3f68-7a17-4c7f-8694-d26f49b0c9e5,2.268818,404.447691,954.382755,2025-07-08
68e38ebf-8d92-4606-b72a-417cd4f1bd71,c05cc643-3deb-40d1-9ff5-5cb68467d25c,4.038789,217.399778,1512.936652,2025-12-17
774389ae-0fbe-4b76-8b5c-4dd70be9bda1,38ad26b6-4111-47ef-8b07-2568328e8250,2.665297,7937.240303,1503.71483,2025-03-06
97bce71e-8ad0-475c-b587-b80ce528aa8c,7f0c5f23-756c-4f5d-8f91-053c5a16a33a,2.831291,56.630419,912.560106,2025-04-05
5dd466cb-3194-423a-be13-dbb06c4bfea0,2450d9a8-d295-4242-a397-3a073c3a9af7,0.463275,18.788696,852.6752339999999,2025-08-05
d0852f81-769b-4f69-b222-60f0fe07a120,de1013a2-f8cc-4fbd-813f-c9edda51c6b4,3.896518,80.943960,1337.117677,2025-07-24
b41eb8aa-1862-429a-be81-67d5c5b8d899,37cbbc1d-56a2-41fa-977d-ef6b7c0c676b,1.066976,66.405089,1638.254986,2025-07-01
9db5e948-7a63-46dc-9bc7-f9c0db433673,9dec9fb7-34a8-4def-9070-de28babcca05,0.494627,371.700999,1613.758864,2025-07-21
de790e07-777a-465c-bebd-cc8c9ba16428,78a51bd5-65dd-464e-8ea4-cbbe1c145fb3,2.332462,166.170237,1493.142183,2025-09-20
c92b0159-7501-4a05-9fce-463ce0a32b81,99b7a023-ebb7-4596-9009-16dcd4dc7f94,3.770264,395.406800,1552.295736,2025-11-24
49571aca-27a4-441e-b229-6bf319eebf57,0371171b-9599-43ae-a688-5e26534aebab,4.185017,288.421247,1360.519517,2025-06-01
28c34ce1-fcce-40a9-b346-bc59c8f1ae6c,bbbc4e43-309e-423d-b9a1-74d2e418f8f1,1.420404,83.229120,1628.978933,2025-01-21
87ef18f6-b902-4a63-b6c9-eadb87a819b1,d2db3b89-d02a-4979-b794-799a061db96a,0.212854,249.976394,1000.087168,2025-07-02
f9cc9f94-1613-440b-86f9-4d4bd5cbec96,60d79677-3b8c-457f-9d36-906aa6bb85e9,2.890216,112.323867,1315.243919,2025-05-28
f0e2b831-7397-43ae-be87-de75da5edd8d,39672bbc-80ce-4d5c-bb76-9feb24c8588e,1.249515,145.772867,1444.302117,2025-10-24
c278ddb0-b8f9-4aaa-bd4d-f36e71e96a10,3c75cf8f-83e5-44d8-95bf-652187898624,2.695307,5506.029939,1421.107379,2025-06-29
1c3ec69f-9d5e-4798-9271-6bf19f926de2,39a235ab-c5a0-4a0a-9067-39cbe8531e75,2.417368,371.933981,1286.7644,2025-10-19
643be2e3-e8e1-46d7-85d9-c6ba3a526cfa,a97c4169-8bfd-4d77-94b6-afb457669743,3.273416,388.195586,966.094153,2025-10-11
c3e69411-14a5-4916-b2c9-2347afe1546e,265a29a8-87d6-42f7-92f7-187096c6f492,2.147090,484.119741,1391.467699,2025-08-05
508cc905-d839-43e5-a00d-38558f3e8fd1,4352e3c6-340d-4fe8-a5d6-27c1c8bebf06,3.993818,34.476531,1673.368657,2025-07-26
c8318bf3-fc04-41fe-853f-32f46b7c15a2,6f1c512c-4e6b-4548-9bd3-d7cc99d01e80,0.632600,170.944405,1055.776183,2025-06-30
6f026a19-15ae-41f3-b55c-6e21e8523266,f94f0287-6208-4bf2-95a8-b1a973feb53e,0.985192,434.969814,1010.964491,2025-01-20
f6267e13-d702-4420-9ad1-c3a5333d888a,69ed0c20-74b7-4e53-b82b-329028051e43,0.175458,367.429476,1244.1632749999999,2025-12-23
fc62418f-e2a6-4a64-bc79-19dcbd353b8c,001d729e-faae-4821-a1a7-ca94ef582733,4.515512,130.232589,673.610908,2025-04-13
e5cd02d1-e7d8-4c37-b979-288d6a1d63a7,e867d198-0bf2-4dae-885b-740759c102e0,1.964981,362.835007,1729.058639,2025-08-13
aa072642-ef4f-446e-881f-2326a1083413,b427ff8f-4734-4c76-b94e-f8cdce33c9f5,1.674433,184.076639,1378.186806,2025-07-30
87d55aef-cfc2-4ecd-b0ff-b7cd34da0de2,576597dd-6f3e-4080-a169-0ef361f9a1e4,2.548546,12088.798567,1801.665918,2025-04-03
cdba2575-5cbe-4eee-a719-77df77e91356,8c275183-91f4-4a9e-983e-dacb59a34dc4,0.073897,244.848079,1023.186537,2025-07-28
69e3edb1-304b-4aec-9fab-9bb3ff3cc665,a8273057-2df7-4a01-9b61-cb29b6cad057,2.425892,349.077622,1147.999114,2025-04-20
437aeb9e-ad68-46a0-a69a-ecf684963f0b,d4c3641d-060a-4aa7-96a5-1710ceadcd73,0.526826,194.923893,965.769171,2025-05-22
ed27690d-3f28-4f94-976b-124f6eef2656,b3cb4a8e-a5dd-4fc0-a690-094343d16a4e,4.011601,280.575340,1278.956248,2025-02-06
dcd8da61-b1af-43ed-b872-6f60796ae286,e962ce50-a5ef-464d-9b8b-8122ba378104,2.095224,248.317133,1366.426246,2025-03-18
8be3a3b7-52b8-4713-9f6c-b4730c680b14,60cd8d90-eb69-4e12-9b42-6d48eaa3917f,2.484872,405.608936,1486.790731,2025-03-10
59a6cda3-55e2-4a0c-b463-6f0f5b35d29c,00613889-1e48-4781-87ab-1e20057f9cb1,2.978564,95.012833,1248.884206,2025-11-09
96b505f5-88d0-4fdc-8f78-c5f88b252778,115f6652-4229-4d2d-bff2-5384111c165e,2.003182,111.531479,1386.289981,2025-01-05
5c00902f-798e-4c8f-b064-4d6015a95939,8c1d1034-3361-4f0f-b62e-70570bd11022,1.084181,16456.485638,1100.921993,2025-04-04
70d4f50f-8fb9-489c-8227-1a48b212db8a,7cc84e10-35d8-48ab-966f-e5dd52d4b7ad,1.130262,19.780274,1685.531839,2025-08-21
700fed73-8062-4f4b-9f9f-68fe0fe3c05c,933fd262-71d2-4877-ad2e-d18fbb572755,4.025655,240.145681,1118.950171,2025-07-11
a361dca7-52ed-4b4b-b893-7c963864b04c,bc22f235-df60-4940-b424-1394f4d69dc0,0.472573,360.162236,1273.625707,2025-01-09
765daa27-2b42-4a89-8781-1d7dd18df10c,d739a4a6-2258-45e5-8274-4dad33de783b,2.155265,386.381162,1140.604771,2025-06-13
5bac8360-8bac-46b9-99ee-507c99ce5722,8d8eaa21-c981-47e6-85bd-b1f3ac11cc78,2.754665,271.310993,1110.660275,2025-04-21
728df1b9-e860-4ed2-9ae2-f7171445c075,93c83b12-f090-49dd-b684-88f732bb19f5,3.799482,279.572062,1159.070183,2025-04-16
eda0ffd0-95b0-44e0-904a-5dcfc41b51f2,e15e91ae-7d40-4483-ade9-5fe8d80e6043,0.935502,111.687562,1423.0490260000001,2025-02-25
f91bfecd-1c55-463c-9786-8064809f2f56,2a3af7a5-969d-426e-97b9-4d67e66d3255,0.311610,66.450460,1033.412918,2025-04-16
86805920-17ae-4129-9f3f-51cf82d555cd,d7704f5d-ca03-472e-8198-c749ff8aac2a,3.064694,412.749550,989.238967,2025-04-08
c9b610ee-6574-4635-a4af-10fad9b51533,3595510e-0b1a-4088-ad24-8f9bd02e05a5,2.740237,92.830761,1342.147344,2025-06-11
71375ed8-dcea-4bb5-8314-299d52b5d021,85e4a15f-0e01-4638-b94b-f73148df6bc1,0.595497,230.866243,1253.063087,2025-06-23
0d53f8f5-cf1c-45de-9270-dd5413ae6579,03a5b4fa-23ea-4ded-9a85-e448728e58f6,4.073838,8253.871354,1330.420254,2025-12-11
36efe781-08f7-4b0e-9c39-5a02b8391738,7a33f44d-e678-477f-8ef9-716ad5a5feb4,3.711871,466.185379,1431.256864,2025-10-20
a3878712-a81e-4fc9-8b6d-02ee0b038be5,4e1fb581-7f93-4a42-b8c9-881e3fe61f92,2.384040,275.737581,1396.571108,2025-02-14
64dcdb4d-48a6-49d8-97f6-60d1471a9126,0b98b596-621b-44a3-a9cc-d1eb3e05768b,4.657834,442.214838,1235.415062,2025-03-30
72e3c1e3-9645-4559-9b7e-189d17470898,31f715ec-3ba1-4e73-8e5a-c8d3c116aab4,2.083069,468.576494,1606.036353,2025-02-07
6b8c6fc5-74c0-4b39-805b-cad0588d106a,dd01e53c-2222-4db4-b1f4-366412fed0a2,2.040544,207.787376,1306.23432,2025-03-25
3074a422-9db1-49da-b955-7afa08d4a487,6868f27e-3836-49d0-ab9b-6f470e56dc3c,0.857885,408.239548,1552.770335,2025-02-27
9e56c94f-bc6a-4530-bbad-7a8d3b3ae98b,154f87f5-05e6-4453-88d4-80ec5ac8b1c9,3.650297,119.594061,1296.16117,2025-09-15
28adc3c0-08d7-4d33-8b5d-8c1333e02fee,5ab0cb7b-5595-443e-a215-d1e9bb7bb025,0.508062,394.639146,1180.829772,2025-03-25
fc092d6d-c7df-47a6-b95b-3812d0aae635,3fc3fe22-cbea-4026-a3ce-a104facaa0d2,1.063435,394.396618,956.484346,2025-08-18
13cda079-d631-43ef-9646-5a6f9e7eca75,06056a53-be33-4127-99fc-9fabbd428622,3.187532,294.329375,1223.459416,2025-07-09
d996d1b7-cde3-403a-92be-47fabaebff27,da32cb4a-77bf-4b49-911a-e714ef88abd5,4.030140,498.928895,1224.491231,2025-12-15
6a3f61b2-9996-4112-b639-c53823a75860,51c14c93-dbbf-450c-b3e2-7896c5292117,2.183007,43.458357,1490.865145,2025-05-17
34bfe6e7-27c7-4a5b-9a76-4f6461338c3c,c96c7290-b3ff-4c71-b230-441d4c36fb47,2.861870,130.266068,1731.08712,2025-08-04
d703a243-ab83-44d6-a3c1-1e2a087ed92b,8ea5676d-f4e0-4a8d-8ce6-200513db4cd7,0.325227,245.945624,1187.750171,2025-09-27
3b2047b0-7af1-4304-99bd-b707e75fcc6b,e9af2ff1-9148-431c-a5b0-ba3b940a0bcb,4.221893,189.523138,1248.1604770000001,2025-02-09
406d781f-6536-4635-8c32-0ab20ec81218,b0631855-330f-4285-b9cc-63a5216a82cc,4.511037,125.367474,1308.234976,2025-07-29
a6c7ab49-2f39-4eae-9109-ca4fc7422a6c,7ca32f15-1343-47dd-9ce3-a4c2b0767295,4.189941,14713.270489,1058.913844,2025-04-04
64e51dee-8b09-4f2f-83e4-7b95c631dfd2,977e330d-c1ab-4539-a880-5b7e6c67a599,3.026957,159.994506,1086.507326,2025-02-20
ba1c1561-27d1-4d14-a4d4-21e4a9066d6e,4c806739-8ba5-4653-8666-eccc2579cf3e,0.526582,429.418088,1504.619746,2025-04-30
e7cac3f9-8395-4fee-bd7f-cc345b8f186b,2e09608a-372e-40f0-876d-f806aef27e74,3.086017,479.119510,1248.520206,2025-06-04
54921eb0-c31d-4e8c-86e1-0c0e6315e63c,27f4aabd-5307-4892-bda4-60484f0643c7,2.121806,471.149462,1392.365609,2025-10-30
338a1850-cd70-486b-b5db-4b08ff397c77,1b0cde81-86c1-46b2-88c7-f9fc8d6155c3,2.037210,14587.173224,1202.264686,2025-07-29
425ba1b4-06e8-4ade-bc53-4c8c24bab307,9b08e3d6-4346-445e-82b5-1ddf44475762,0.048369,423.155070,1442.923386,2025-07-26
9b96694a-1082-42c9-a0bb-71149a015fc5,3d3f9feb-a2ad-4ecb-b195-ec5218c51d39,1.793070,390.949298,1354.775595,2025-03-28
5e5c6e79-2f0e-48cc-8e85-2660162988ff,98b140e5-55f0-4fd8-88e2-367b5e445d93,1.005562,258.370639,1265.827459,2025-12-12
1e5be3ab-4dcc-4ee4-8d8a-b5dbf42da3d2,b5263c1e-d565-4d46-a40a-51bf600831c4,2.454433,28629.266816,1223.785062,2025-10-21
451f0172-fc9d-47b4-a8e2-311095434c4e,5f858013-a37b-4d9e-9dd7-051c839aa3cd,3.976607,468.503830,1370.587596,2025-05-07
8ef200b8-8c90-47ef-8ff6-ede2216cf399,042a49cb-7602-4b17-901c-9d043fe41cee,0.677479,68.504111,1611.315424,2025-07-16
58121f34-7a8b-45cf-9560-5ce42d585469,7dc22d18-b586-488c-8cc9-5d15bad8ea00,1.797355,450.882311,1213.359145,2025-01-31
d1e56586-5380-41d3-adca-70f459a1f71a,81becd76-c14b-440e-9211-c40cf0f96e45,4.812208,53.951149,1115.310422,2025-12-05
66eb9562-e807-4465-a63d-b534ff67bf94,4a72ebc0-fad0-41c6-bd03-442dec275542,4.663282,455.900114,1255.003878,2025-09-12
d975b43b-7206-4fa4-9b65-48ee8445116b,f7ae21fe-bc17-4269-ae50-721734445848,2.089511,474.020650,1113.973235,2025-03-11
3c23a167-28b6-450d-b501-bb2a7464c6f7,37900425-38d6-43ba-bc58-c55eb0f15ea9,3.143745,376.153758,1469.763025,2025-01-09
9745d398-d1c4-4927-a657-1733cb6598c7,7f00bdbd-992f-463e-aa53-c160f9ef4a43,4.525678,41.490299,1596.573677,2025-06-16
4dfde0cf-d408-4caa-a9a3-3d8bddecd137,cd51fe3c-fb35-49ca-b377-79bcec340b8a,2.085598,494.957434,976.439944,2025-11-15
d284c267-a72c-472f-9f5b-a97f250af5e5,ae1e5883-b574-4ab6-afc2-1b1924c4d9c9,1.964876,83.519135,1168.311316,2025-01-15
13bb69ed-378a-40d0-a745-a9426162d2e3,16a7ed6e-c190-4ec9-87f6-e38bfc53d319,2.750479,49.777651,1521.018728,2025-10-07
fd540e01-3dde-40b3-b3c9-fd0c6ccdcbc1,5d215896-e572-46f9-b6df-4c53b8bffadb,2.286214,337.584431,1031.880644,2025-09-22
4c0a0d81-9925-4762-9e9d-c62671e81fb5,593e0005-d5b3-47e6-9a60-a0a5d8d7167f,4.613193,300.347412,1175.909428,2025-08-21
37956646-4090-46f5-906e-a3a5424b275c,91548f8f-c1bc-491c-ac98-92a614f5c074,3.987863,294.298115,1209.201996,2025-04-08
a24e7bdd-a8b8-4778-8367-33f22ae6c510,a10f452d-0868-48de-b336-389eb9b02a2f,1.964610,102.692438,1074.712116,2025-11-21
8e745183-585c-40d8-9ee5-351160c0a8cf,e83bb8a0-b326-49c5-bcdf-8141b006d22f,4.699199,223.178719,1532.136383,2025-05-15
0f9c5829-8195-4a1e-9705-3490e7fbad93,2ea66632-6bb7-4509-89aa-407dbad57cef,1.827641,61.305261,894.028383,2025-03-17
f13d7f70-ddd1-46e3-9714-3d47b99d0c07,a84a01c2-236d-4aec-882c-65b3a4b7512d,0.566686,445.920471,948.772384,2025-02-13
e8d9b3f6-48fb-4c6f-bd6d-26b5498e938a,49313a89-efe1-4610-b0fe-484bea26b365,4.897581,196.114318,1596.726993,2025-09-13
7c7fb148-246a-4e44-a1f7-718b7cdd7a38,28ebc0be-8cd7-465a-a9cd-65509c166a22,2.730355,468.438902,1830.23605,2025-10-19
76f82d32-feb6-4da7-89b9-3729fe979d4b,fd8341ba-4e76-428a-a7ff-b8690a95b9b0,3.171921,292.419455,1217.931874,2025-08-09
41199763-1b2f-4a1e-b71a-fbd199b02fb3,d5b8906c-4bd9-44db-be1c-401e84beee00,3.893790,322.925659,1603.413603,2025-11-02
c712468f-f8c3-4b86-b133-731fd2f9de7e,d9b1be48-98ad-4a59-8fb0-a10c80a253db,0.170727,97.140771,709.430653,2025-07-08
bf759f57-2f94-460d-b7d3-b6dd4040cdd5,52126495-7bb5-4f83-8727-800967cf8c24,4.664824,365.719608,1125.825893,2025-01-28
34ebc551-a3f9-4c90-b519-d3b8ac5d73bd,8e87510d-772d-4289-ac3a-c4a7b17d5fcc,3.093823,59.863233,823.641627,2025-05-28
733895b4-5236-46e3-83c4-27eee4ea3d8b,79527643-f248-494a-b418-6055529ebe27,2.785319,418.060886,903.679044,2025-03-31
61f18b5b-d1ba-4d4e-b27d-1cf0fe2d84be,181b2a53-0a89-4eaa-89c8-f260ad9b7c07,3.157953,429.747292,1199.990521,2025-07-01
9be0d2a8-1946-4970-a5f4-4123a4e8d95a,e3be2c72-24a5-406c-9f9a-88044fa13eed,2.470826,115.923102,1385.026511,2025-04-08
ed20ae4d-21cb-443b-b8ab-ab5c087207fb,025f422c-1e07-42ba-aca0-f6ec1770aea7,4.463811,308.723789,1678.929158,2025-10-30
1af5ef3f-b3f2-4fa8-af08-e76d061e927d,9e2f5990-094a-4d62-8aa0-9c30730214f1,3.897529,401.695955,1035.781953,2025-06-24
01c9eb95-9db3-4d96-a16a-ed24ec6da24e,33ac30e9-810e-427e-bbcd-74e5f7baa6f6,1.986578,32.866342,1403.371062,2025-08-16
e72a6c4f-ccea-4763-ac05-da07d2dc5114,a212b176-463f-4c5c-bbcd-b4ac22b9dd16,0.400632,284.634285,1307.262198,2025-06-24
7f9d7b18-032d-4580-8edf-81b4e1237abe,844ae2d7-ce82-45b6-b31e-e0ce513f316b,4.055484,181.978323,1192.437929,2025-02-17
18d3d016-b6d5-452b-b3cd-c108ca81522e,9d39cc75-3ab8-4c3c-9814-98b1b0ea60b4,2.474789,287.327439,1237.525539,2025-12-21
ef4f764d-4236-42bc-88a6-0d4d4bf112f0,7461dd71-c7c4-42c4-94fa-77bd105772e7,3.065964,71.674841,1054.221622,2025-05-31
89a55145-dd80-4600-a0dd-d08479b317db,65c3183f-b4c5-40e5-92be-0708c6bce7ab,4.480259,244.073824,1284.267225,2025-11-05
95be7604-4f7a-4ab0-bb2f-fa8eb5c30b90,0d6d38f2-fdb7-4a75-9ea7-6cd421b1e27f,0.423642,456.062898,1423.797131,2025-01-14
dacb03ff-3388-47ba-89c5-c257c8615a6c,0a077dfa-6d54-4046-9d7a-2a1d2baf7663,3.554143,401.786411,1627.895539,2025-11-27
32c1a299-7bf1-41c7-98c8-144e267e528f,5ba1ff83-3ad4-44f5-ad7e-d7f23abdc8ee,2.551840,343.961166,1306.513865,2025-10-08
1b699ca6-9f6a-4fbc-ba36-9f29b1269bbd,24d77e03-ff94-4474-bc22-dee3aa51aaa2,4.392758,132.184088,982.625135,2025-04-08
aaa0bb6c-f18e-468a-a4a0-3e6dbf80c8d2,4b604557-51c1-467c-bc52-66400bf82261,4.432148,297.112188,1489.402856,2025-06-19
75dcd186-4172-4cc7-84a9-9bc44785e556,dfd4b17a-d2a1-459f-8218-75a2101116e4,3.761615,498.376185,1471.501106,2025-08-23
edc272d0-dbbf-4440-a873-c28525082af7,c1d5048a-01bd-44a9-937c-9bc5b9f24a59,4.757792,228.796280,1341.203586,2025-12-29
3698018c-4db2-4c91-988f-d12d5db269ef,0784be67-82be-47dc-8b87-8d30e2e12ab0,4.107609,111.963887,1584.826045,2025-12-06
573315a4-b393-4ba9-b0d8-fb7955e3b90d,7276842b-8bcb-4197-89dc-6665b27deb6a,1.972017,428.343257,1342.544454,2025-12-21
3f790b3f-443e-47d2-9c59-a9b1d618f9a6,ea80bfa9-221b-4c09-bcce-9e8153f4968e,0.107496,8.543563,1716.854066,2025-11-22
54badd91-0d6b-4469-b799-bed058d42762,04b6773f-f837-45fd-8b85-c477ee5d499b,2.013453,103.117369,1134.528859,2025-04-27
cdc0842f-9803-4a07-9549-24a13a062a74,14e29ff7-5a18-4af4-8f49-6611f0ff8862,1.638382,336.360809,1314.94104,2025-12-29
f776e93c-38c2-4748-8a39-c9a1d188f0df,6dc27f15-5412-4fed-b4dc-2e8e76966b2d,0.708900,463.979286,1056.79429,2025-07-18
e5df8a5d-ebb0-4a4f-b4e6-366be64030e0,8ae8cb46-37d0-4502-a4f2-653c009c8e4a,0.265873,22078.559196,1278.238641,2025-03-20
b70defe5-aaab-417c-b558-8b4ba971829c,56eaffd2-1e4b-4f1f-b30f-324e9d7ac2fc,1.225867,68.354843,1126.646463,2025-01-31
fc88e29d-a8c0-429e-9a13-6aed16f4280f,402ee21b-003a-4683-9670-64b0a4da59cd,1.857155,169.722157,1090.685168,2025-10-13
7b89f178-7f5b-491c-a899-69d1d940a047,9968a73b-35b8-46b3-a084-faa02ae25aea,2.749529,471.432318,1107.807783,2025-04-07
09464525-0883-4988-8c43-f5c5d280ad75,1148c31e-96a9-4daa-82be-ff506e4cf2c4,3.025998,181.982263,1140.67405,2025-07-19
13063afc-39f3-4611-b9eb-1adf3c24bbe2,78a3290e-f026-4ece-a1a7-e72a0c1c30ac,4.337977,328.151155,1533.030579,2025-05-14
1100d2f6-94a1-4a25-b94b-84d766e6e7df,59e6c9a4-921e-49fc-a758-dcc0a1aefffd,3.776474,36690.177969,1205.438242,2025-01-09
61e02c2e-2995-4cfa-b700-a715b86f9257,c3b4f56a-a7de-4ffc-913b-0a8141a6d3c9,3.321399,65.724333,1508.788571,2025-07-10
de9fa8fd-05dc-4aa1-8732-58d8fa9964a6,ee28e9a3-fbdb-4522-8057-436c8d69b0ff,3.752014,113.477018,1120.573902,2025-05-10
d804610b-b6dd-4cc7-8f94-515eb07f23bd,3dd5b21f-d7ef-469b-a96f-dd910e2d155f,0.770101,288.991433,1044.004764,2025-02-01
f9683b1b-26c8-4e41-89a1-067bc8528898,047d1d5b-a7ed-49d1-b0fb-c18f6099c07e,2.995574,134.331742,1525.158106,2025-05-18
3b33785b-6701-488f-824b-8aca0e75bb42,4037aac0-e1c3-4d8d-bfa8-a5ed6bd97025,1.331872,461.718711,968.677267,2025-07-03
da1a6f6f-245a-4b8a-be1d-6aab8615bb97,5fd9138e-6e61-4ca1-8817-36a03734f747,0.752803,433.090522,1145.019406,2025-12-31
9e5a9e1d-d212-41a9-9a9e-988654a4fa91,28544ad8-8c27-43aa-8ab7-96cd7fff3b41,3.827208,371.675850,1391.264472,2025-10-03
b25e5d6a-3439-4465-88c1-d5a3c20b3d57,3dab9a4b-b2a2-41af-a3be-06ec5ae652e1,3.932184,81.839468,1380.300229,2025-10-13
594e31e7-75cf-47a1-b6ba-8b4ec32aefa0,cfb775f6-fe1f-4c82-bb4b-2a11f4ae8d11,1.420828,483.626423,989.90622,2025-04-24
b2559113-6dc6-4cf1-a29c-335315cfd008,9fc229d7-d149-438a-9906-d69d3db53aec,4.637016,15.909790,1234.96336,2025-02-03
d3e13033-0022-4370-b452-6dd8cb83e130,40a67783-4513-4242-b4fe-7d90c57501a9,0.211062,1.179215,1426.042711,2025-01-01
4b0ad370-b570-40ef-8a56-ffe27104c932,c74de96a-8318-438b-82bb-fdaa019b00f2,4.542505,240.682139,1051.527275,2025-03-04
